start_time,end_time,is_only_by_appointment,is_or_by_appointment,is_subject_to_change,start_date,end_date,hours_open_id,id
08:00:00-05:00,18:00:00-05:00,,,,2016-10-24,2016-10-28,ho35080659,sch0001
10:00:00-05:00,16:00:00-05:00,,,,2016-10-29,2016-10-29,ho35080659,sch0002
08:00:00-05:00,18:00:00-05:00,,,,2016-10-31,2016-11-04,ho35080659,sch0003
10:00:00-05:00,16:00:00-05:00,,,,2016-11-05,2016-11-05,ho35080659,sch0004
08:00:00-05:00,17:00:00-06:00,,,,2016-11-07,2016-11-07,ho35080659,sch0005
08:00:00-05:00,18:00:00-05:00,,,,2016-10-24,2016-10-28,ho44730125,sch0006
10:00:00-05:00,16:00:00-05:00,,,,2016-10-29,2016-10-29,ho44730125,sch0007
08:00:00-05:00,18:00:00-05:00,,,,2016-10-31,2016-11-04,ho44730125,sch0008
10:00:00-05:00,16:00:00-05:00,,,,2016-11-05,2016-11-05,ho44730125,sch0009
08:00:00-06:00,17:00:00-06:00,,,,2016-11-07,2016-11-07,ho44730125,sch0010
08:00:00-05:00,18:00:00-05:00,,,,2016-10-24,2016-10-28,ho83259757,sch0011
10:00:00-05:00,16:00:00-05:00,,,,2016-10-29,2016-10-29,ho83259757,sch0012
08:00:00-05:00,18:00:00-05:00,,,,2016-10-31,2016-11-04,ho83259757,sch0013
10:00:00-05:00,16:00:00-05:00,,,,2016-11-05,2016-11-05,ho83259757,sch0014
08:00:00-06:00,17:00:00-06:00,,,,2016-11-07,2016-11-07,ho83259757,sch0015
10:00:00-05:00,16:00:00-05:00,,,,2016-10-24,2016-10-28,ho77559338,sch0016
10:00:00-05:00,16:00:00-05:00,,,,2016-10-31,2016-11-04,ho77559338,sch0017
08:00:00-05:00,18:00:00-05:00,,,,2016-10-24,2016-10-28,ho17884193,sch0018
10:00:00-05:00,16:00:00-05:00,,,,2016-10-29,2016-10-29,ho17884193,sch0019
08:00:00-05:00,18:00:00-05:00,,,,2016-10-31,2016-11-04,ho17884193,sch0020
10:00:00-05:00,16:00:00-05:00,,,,2016-11-05,2016-11-05,ho17884193,sch0021
08:00:00-06:00,17:00:00-05:00,,,,2016-11-07,2016-11-07,ho17884193,sch0022
08:00:00-05:00,18:00:00-05:00,,,,2016-10-24,2016-10-28,ho4969780,sch0023
10:00:00-05:00,16:00:00-05:00,,,,2016-10-29,2016-10-29,ho4969780,sch0024
08:00:00-05:00,18:00:00-05:00,,,,2016-10-31,2016-11-04,ho4969780,sch0025
10:00:00-05:00,16:00:00-05:00,,,,2016-11-05,2016-11-05,ho4969780,sch0026
08:00:00-06:00,17:00:00-05:00,,,,2016-11-07,2016-11-07,ho4969780,sch0027
08:00:00-05:00,18:00:00-05:00,,,,2016-10-24,2016-10-28,ho33119152,sch0028
10:00:00-05:00,16:00:00-05:00,,,,2016-10-29,2016-10-29,ho33119152,sch0029
08:00:00-05:00,18:00:00-05:00,,,,2016-10-31,2016-11-04,ho33119152,sch0030
10:00:00-05:00,16:00:00-05:00,,,,2016-11-05,2016-11-05,ho33119152,sch0031
08:00:00-06:00,17:00:00-05:00,,,,2016-11-07,2016-11-07,ho33119152,sch0032
08:30:00-05:00,17:00:00-05:00,,,,2016-10-24,2016-10-28,ho71818225,sch0033
08:30:00-05:00,17:00:00-05:00,,,,2016-10-31,2016-11-04,ho71818225,sch0034
08:00:00-05:00,17:00:00-05:00,,,,2016-10-24,2016-10-28,ho18511442,sch0035
08:00:00-05:00,17:00:00-05:00,,,,2016-10-31,2016-11-04,ho18511442,sch0036
08:00:00-05:00,17:00:00-05:00,,,,2016-10-24,2016-10-28,ho70353278,sch0037
08:00:00-05:00,17:00:00-05:00,,,,2016-10-31,2016-11-04,ho70353278,sch0038
09:00:00-05:00,18:00:00-05:00,,,,2016-10-24,2016-10-28,ho7940164,sch0039
09:00:00-05:00,18:00:00-05:00,,,,2016-10-31,2016-11-04,ho7940164,sch0040
08:00:00-05:00,17:00:00-05:00,,,,2016-10-24,2016-10-28,ho30611508,sch0041
08:00:00-05:00,17:00:00-05:00,,,,2016-10-31,2016-11-04,ho30611508,sch0042
09:00:00-05:00,18:00:00-05:00,,,,2016-10-24,2016-10-28,ho9963740,sch0043
09:00:00-05:00,18:00:00-05:00,,,,2016-10-31,2016-11-04,ho9963740,sch0044
09:00:00-05:00,18:00:00-05:00,,,,2016-10-24,2016-10-28,ho40356597,sch0045
09:00:00-05:00,18:00:00-05:00,,,,2016-10-31,2016-11-04,ho40356597,sch0046
08:00:00-05:00,18:00:00-05:00,,,,2016-10-24,2016-10-28,ho28930629,sch0047
10:00:00-05:00,16:00:00-05:00,,,,2016-10-29,2016-10-29,ho28930629,sch0048
08:00:00-04:00,18:00:00-04:00,,,,2016-10-31,2016-11-04,ho28930629,sch0049
10:00:00-05:00,16:00:00-05:00,,,,2016-11-05,2016-11-05,ho28930629,sch0050
08:00:00-06:00,17:00:00-06:00,,,,2016-11-07,2016-11-07,ho28930629,sch0051
08:00:00-05:00,18:00:00-05:00,,,,2016-10-24,2016-10-28,ho37539806,sch0052
10:00:00-05:00,16:00:00-05:00,,,,2016-10-29,2016-10-29,ho37539806,sch0053
08:00:00-05:00,18:00:00-05:00,,,,2016-10-31,2016-11-04,ho37539806,sch0054
10:00:00-05:00,16:00:00-05:00,,,,2016-11-05,2016-11-05,ho37539806,sch0055
08:00:00-06:00,17:00:00-06:00,,,,2016-11-07,2016-11-07,ho37539806,sch0056
08:00:00-05:00,18:00:00-05:00,,,,2016-10-24,2016-10-28,ho64599599,sch0057
10:00:00-05:00,16:00:00-05:00,,,,2016-10-29,2016-10-29,ho64599599,sch0058
08:00:00-05:00,18:00:00-05:00,,,,2016-10-31,2016-11-04,ho64599599,sch0059
10:00:00-05:00,16:00:00-05:00,,,,2016-11-05,2016-11-05,ho64599599,sch0060
08:00:00-06:00,17:00:00-06:00,,,,2016-11-07,2016-11-07,ho64599599,sch0061
08:00:00-05:00,18:00:00-05:00,,,,2016-10-24,2016-10-28,ho58936397,sch0062
10:00:00-05:00,16:00:00-05:00,,,,2016-10-29,2016-10-29,ho58936397,sch0063
08:00:00-05:00,18:00:00-05:00,,,,2016-10-31,2016-11-04,ho58936397,sch0064
10:00:00-05:00,16:00:00-05:00,,,,2016-11-05,2016-11-05,ho58936397,sch0065
08:00:00-06:00,17:00:00-06:00,,,,2016-11-07,2016-11-07,ho58936397,sch0066
08:00:00-05:00,18:00:00-05:00,,,,2016-10-24,2016-10-28,ho10654755,sch0067
10:00:00-05:00,16:00:00-05:00,,,,2016-10-29,2016-10-29,ho10654755,sch0068
08:00:00-05:00,18:00:00-05:00,,,,2016-10-31,2016-11-04,ho10654755,sch0069
10:00:00-05:00,16:00:00-05:00,,,,2016-11-05,2016-11-05,ho10654755,sch0070
08:00:00-06:00,17:00:00-06:00,,,,2016-11-07,2016-11-07,ho10654755,sch0071
08:00:00-05:00,18:00:00-05:00,,,,2016-10-24,2016-10-28,ho17861247,sch0072
10:00:00-05:00,16:00:00-05:00,,,,2016-10-29,2016-10-29,ho17861247,sch0073
08:00:00-05:00,18:00:00-05:00,,,,2016-10-31,2016-11-04,ho17861247,sch0074
10:00:00-05:00,16:00:00-05:00,,,,2016-11-05,2016-11-05,ho17861247,sch0075
08:00:00-06:00,17:00:00-06:00,,,,2016-11-07,2016-11-07,ho17861247,sch0076
08:00:00-05:00,18:00:00-05:00,,,,2016-10-24,2016-10-28,ho31477641,sch0077
10:00:00-05:00,16:00:00-05:00,,,,2016-10-29,2016-10-29,ho31477641,sch0078
08:00:00-05:00,18:00:00-05:00,,,,2016-10-31,2016-11-04,ho31477641,sch0079
10:00:00-05:00,16:00:00-05:00,,,,2016-11-05,2016-11-05,ho31477641,sch0080
08:00:00-06:00,17:00:00-06:00,,,,2016-11-07,2016-11-07,ho31477641,sch0081
08:00:00-05:00,18:00:00-05:00,,,,2016-10-24,2016-10-28,ho27890972,sch0082
10:00:00-05:00,16:00:00-05:00,,,,2016-10-29,2016-10-29,ho27890972,sch0083
08:00:00-05:00,18:00:00-05:00,,,,2016-10-31,2016-11-04,ho27890972,sch0084
10:00:00-05:00,16:00:00-05:00,,,,2016-11-05,2016-11-05,ho27890972,sch0085
08:00:00-06:00,17:00:00-06:00,,,,2016-11-07,2016-11-07,ho27890972,sch0086
08:00:00-05:00,18:00:00-05:00,,,,2016-10-24,2016-10-28,ho91425669,sch0087
10:00:00-05:00,16:00:00-05:00,,,,2016-10-29,2016-10-29,ho91425669,sch0088
08:00:00-05:00,18:00:00-05:00,,,,2016-10-31,2016-11-04,ho91425669,sch0089
10:00:00-05:00,16:00:00-05:00,,,,2016-11-05,2016-11-05,ho91425669,sch0090
08:00:00-06:00,17:00:00-06:00,,,,2016-11-07,2016-11-07,ho91425669,sch0091
08:00:00-05:00,18:00:00-05:00,,,,2016-10-24,2016-10-28,ho28464775,sch0092
10:00:00-05:00,16:00:00-05:00,,,,2016-10-29,2016-10-29,ho28464775,sch0093
08:00:00-05:00,18:00:00-05:00,,,,2016-10-31,2016-11-04,ho28464775,sch0094
10:00:00-05:00,16:00:00-05:00,,,,2016-11-05,2016-11-05,ho28464775,sch0095
08:00:00-06:00,17:00:00-06:00,,,,2016-11-07,2016-11-07,ho28464775,sch0096
08:00:00-05:00,18:00:00-05:00,,,,2016-10-24,2016-10-28,ho84799382,sch0097
10:00:00-05:00,16:00:00-05:00,,,,2016-10-29,2016-10-29,ho84799382,sch0098
08:00:00-05:00,18:00:00-05:00,,,,2016-10-31,2016-11-04,ho84799382,sch0099
10:00:00-05:00,16:00:00-05:00,,,,2016-11-05,2016-11-05,ho84799382,sch0100
08:00:00-06:00,17:00:00-06:00,,,,2016-11-07,2016-11-07,ho84799382,sch0101
08:00:00-05:00,18:00:00-05:00,,,,2016-10-24,2016-10-28,ho18846674,sch0102
10:00:00-05:00,16:00:00-05:00,,,,2016-10-29,2016-10-29,ho18846674,sch0103
08:00:00-05:00,18:00:00-05:00,,,,2016-10-31,2016-11-04,ho18846674,sch0104
10:00:00-05:00,16:00:00-05:00,,,,2016-11-05,2016-11-05,ho18846674,sch0105
08:00:00-06:00,17:00:00-06:00,,,,2016-11-07,2016-11-07,ho18846674,sch0106
08:00:00-05:00,18:00:00-05:00,,,,2016-10-24,2016-10-28,ho99922967,sch0107
10:00:00-05:00,16:00:00-05:00,,,,2016-10-29,2016-10-29,ho99922967,sch0108
08:00:00-05:00,18:00:00-05:00,,,,2016-10-31,2016-11-04,ho99922967,sch0109
10:00:00-05:00,16:00:00-05:00,,,,2016-11-05,2016-11-05,ho99922967,sch0110
08:00:00-06:00,17:00:00-06:00,,,,2016-11-07,2016-11-07,ho99922967,sch0111
08:00:00-05:00,18:00:00-05:00,,,,2016-10-24,2016-10-28,ho11493685,sch0112
10:00:00-05:00,16:00:00-05:00,,,,2016-10-29,2016-10-29,ho11493685,sch0113
08:00:00-05:00,18:00:00-05:00,,,,2016-10-31,2016-11-04,ho11493685,sch0114
10:00:00-05:00,16:00:00-05:00,,,,2016-11-05,2016-11-05,ho11493685,sch0115
08:00:00-06:00,17:00:00-06:00,,,,2016-11-07,2016-11-07,ho11493685,sch0116
08:00:00-05:00,18:00:00-05:00,,,,2016-10-24,2016-10-28,ho42995826,sch0117
10:00:00-05:00,16:00:00-05:00,,,,2016-10-29,2016-10-29,ho42995826,sch0118
08:00:00-05:00,18:00:00-05:00,,,,2016-10-31,2016-11-04,ho42995826,sch0119
10:00:00-05:00,16:00:00-05:00,,,,2016-11-05,2016-11-05,ho42995826,sch0120
08:00:00-06:00,17:00:00-06:00,,,,2016-11-07,2016-11-07,ho42995826,sch0121
08:00:00-05:00,18:00:00-05:00,,,,2016-10-24,2016-10-28,ho70417622,sch0122
10:00:00-05:00,16:00:00-05:00,,,,2016-10-29,2016-10-29,ho70417622,sch0123
08:00:00-05:00,18:00:00-05:00,,,,2016-10-31,2016-11-04,ho70417622,sch0124
10:00:00-05:00,16:00:00-05:00,,,,2016-11-05,2016-11-05,ho70417622,sch0125
08:00:00-06:00,17:00:00-06:00,,,,2016-11-07,2016-11-07,ho70417622,sch0126
08:00:00-05:00,18:00:00-05:00,,,,2016-10-24,2016-10-28,ho9571558,sch0127
10:00:00-05:00,16:00:00-05:00,,,,2016-10-29,2016-10-29,ho9571558,sch0128
08:00:00-05:00,18:00:00-05:00,,,,2016-10-31,2016-11-04,ho9571558,sch0129
10:00:00-05:00,16:00:00-05:00,,,,2016-11-05,2016-11-05,ho9571558,sch0130
08:00:00-06:00,17:00:00-06:00,,,,2016-11-07,2016-11-07,ho9571558,sch0131
08:00:00-05:00,18:00:00-05:00,,,,2016-10-24,2016-10-28,ho50123786,sch0132
10:00:00-05:00,16:00:00-05:00,,,,2016-10-29,2016-10-29,ho50123786,sch0133
08:00:00-05:00,18:00:00-05:00,,,,2016-10-31,2016-11-04,ho50123786,sch0134
10:00:00-05:00,16:00:00-05:00,,,,2016-11-05,2016-11-05,ho50123786,sch0135
08:00:00-06:00,17:00:00-06:00,,,,2016-11-07,2016-11-07,ho50123786,sch0136
08:00:00-05:00,18:00:00-05:00,,,,2016-10-24,2016-10-28,ho82434301,sch0137
10:00:00-05:00,16:00:00-05:00,,,,2016-10-29,2016-10-29,ho82434301,sch0138
08:00:00-05:00,18:00:00-05:00,,,,2016-10-31,2016-11-04,ho82434301,sch0139
10:00:00-05:00,16:00:00-05:00,,,,2016-11-05,2016-11-05,ho82434301,sch0140
08:00:00-06:00,17:00:00-06:00,,,,2016-11-07,2016-11-07,ho82434301,sch0141
08:00:00-05:00,18:00:00-05:00,,,,2016-10-24,2016-10-28,ho2180267,sch0142
10:00:00-05:00,16:00:00-05:00,,,,2016-10-29,2016-10-29,ho2180267,sch0143
08:00:00-05:00,18:00:00-05:00,,,,2016-10-31,2016-11-04,ho2180267,sch0144
10:00:00-05:00,16:00:00-05:00,,,,2016-11-05,2016-11-05,ho2180267,sch0145
08:00:00-06:00,17:00:00-06:00,,,,2016-11-07,2016-11-07,ho2180267,sch0146
08:00:00-05:00,18:00:00-05:00,,,,2016-10-24,2016-10-28,ho28282373,sch0147
10:00:00-05:00,16:00:00-05:00,,,,2016-10-29,2016-10-29,ho28282373,sch0148
08:00:00-05:00,18:00:00-05:00,,,,2016-10-31,2016-11-04,ho28282373,sch0149
10:00:00-05:00,16:00:00-05:00,,,,2016-11-05,2016-11-05,ho28282373,sch0150
08:00:00-06:00,17:00:00-05:00,,,,2016-11-07,2016-11-07,ho28282373,sch0151
08:00:00-05:00,18:00:00-05:00,,,,2016-11-02,2016-11-04,ho32118906,sch0152
08:00:00-05:00,18:00:00-05:00,,,,2016-11-02,2016-11-04,ho42031502,sch0153
08:00:00-05:00,18:00:00-05:00,,,,2016-10-24,2016-10-28,ho68448706,sch0154
10:00:00-05:00,16:00:00-05:00,,,,2016-10-29,2016-10-29,ho68448706,sch0155
08:00:00-05:00,18:00:00-05:00,,,,2016-10-31,2016-11-04,ho68448706,sch0156
10:00:00-05:00,16:00:00-05:00,,,,2016-11-05,2016-11-05,ho68448706,sch0157
08:00:00-06:00,17:00:00-06:00,,,,2016-11-07,2016-11-07,ho68448706,sch0158
08:00:00-05:00,18:00:00-05:00,,,,2016-10-24,2016-10-28,ho4939602,sch0159
10:00:00-05:00,16:00:00-05:00,,,,2016-10-29,2016-10-29,ho4939602,sch0160
08:00:00-05:00,18:00:00-05:00,,,,2016-10-31,2016-11-04,ho4939602,sch0161
10:00:00-05:00,16:00:00-05:00,,,,2016-11-05,2016-11-05,ho4939602,sch0162
08:00:00-06:00,17:00:00-06:00,,,,2016-11-07,2016-11-07,ho4939602,sch0163
08:00:00-05:00,18:00:00-05:00,,,,2016-10-24,2016-10-28,ho40330882,sch0164
10:00:00-05:00,16:00:00-05:00,,,,2016-10-29,2016-10-29,ho40330882,sch0165
08:00:00-05:00,18:00:00-05:00,,,,2016-10-31,2016-11-04,ho40330882,sch0166
10:00:00-05:00,16:00:00-05:00,,,,2016-11-05,2016-11-05,ho40330882,sch0167
08:00:00-06:00,17:00:00-06:00,,,,2016-11-07,2016-11-07,ho40330882,sch0168
08:00:00-05:00,18:00:00-05:00,,,,2016-10-24,2016-10-28,ho47262805,sch0169
10:00:00-05:00,16:00:00-05:00,,,,2016-10-29,2016-10-29,ho47262805,sch0170
08:00:00-05:00,18:00:00-05:00,,,,2016-10-31,2016-11-04,ho47262805,sch0171
10:00:00-05:00,16:00:00-05:00,,,,2016-11-05,2016-11-05,ho47262805,sch0172
08:00:00-06:00,17:00:00-06:00,,,,2016-11-07,2016-11-07,ho47262805,sch0173
08:00:00-05:00,18:00:00-05:00,,,,2016-10-24,2016-10-28,ho49395461,sch0174
10:00:00-05:00,16:00:00-05:00,,,,2016-10-29,2016-10-29,ho49395461,sch0175
08:00:00-05:00,18:00:00-05:00,,,,2016-10-31,2016-11-04,ho49395461,sch0176
10:00:00-05:00,16:00:00-05:00,,,,2016-11-05,2016-11-05,ho49395461,sch0177
08:00:00-06:00,17:00:00-06:00,,,,2016-11-07,2016-11-07,ho49395461,sch0178
08:00:00-05:00,18:00:00-05:00,,,,2016-10-24,2016-10-28,ho62505355,sch0179
10:00:00-05:00,16:00:00-05:00,,,,2016-10-29,2016-10-29,ho62505355,sch0180
08:00:00-05:00,18:00:00-05:00,,,,2016-10-31,2016-11-04,ho62505355,sch0181
10:00:00-05:00,16:00:00-05:00,,,,2016-11-05,2016-11-05,ho62505355,sch0182
08:00:00-06:00,17:00:00-06:00,,,,2016-11-07,2016-11-07,ho62505355,sch0183
08:00:00-05:00,18:00:00-05:00,,,,2016-10-24,2016-10-28,ho82369739,sch0184
10:00:00-05:00,16:00:00-05:00,,,,2016-10-29,2016-10-29,ho82369739,sch0185
08:00:00-05:00,18:00:00-05:00,,,,2016-10-31,2016-11-04,ho82369739,sch0186
10:00:00-05:00,16:00:00-05:00,,,,2016-11-05,2016-11-05,ho82369739,sch0187
08:00:00-06:00,17:00:00-06:00,,,,2016-11-07,2016-11-07,ho82369739,sch0188
08:00:00-05:00,18:00:00-05:00,,,,2016-10-24,2016-10-28,ho82599626,sch0189
10:00:00-05:00,16:00:00-05:00,,,,2016-10-29,2016-10-29,ho82599626,sch0190
08:00:00-05:00,18:00:00-05:00,,,,2016-10-31,2016-11-04,ho82599626,sch0191
10:00:00-05:00,16:00:00-05:00,,,,2016-11-05,2016-11-05,ho82599626,sch0192
08:00:00-06:00,17:00:00-06:00,,,,2016-11-07,2016-11-07,ho82599626,sch0193
08:00:00-05:00,18:00:00-05:00,,,,2016-10-24,2016-10-28,ho64542823,sch0194
10:00:00-05:00,16:00:00-05:00,,,,2016-10-29,2016-10-29,ho64542823,sch0195
08:00:00-05:00,18:00:00-05:00,,,,2016-10-31,2016-11-04,ho64542823,sch0196
10:00:00-05:00,16:00:00-05:00,,,,2016-11-05,2016-11-05,ho64542823,sch0197
08:00:00-06:00,17:00:00-06:00,,,,2016-11-07,2016-11-07,ho64542823,sch0198
08:00:00-05:00,18:00:00-05:00,,,,2016-10-24,2016-10-28,ho65906137,sch0199
10:00:00-05:00,16:00:00-05:00,,,,2016-10-29,2016-10-29,ho65906137,sch0200
08:00:00-05:00,18:00:00-05:00,,,,2016-10-31,2016-11-04,ho65906137,sch0201
10:00:00-05:00,16:00:00-05:00,,,,2016-11-05,2016-11-05,ho65906137,sch0202
08:00:00-06:00,17:00:00-06:00,,,,2016-11-07,2016-11-07,ho65906137,sch0203
08:00:00-05:00,18:00:00-05:00,,,,2016-10-24,2016-10-28,ho9818525,sch0204
10:00:00-05:00,16:00:00-05:00,,,,2016-10-29,2016-10-29,ho9818525,sch0205
08:00:00-05:00,18:00:00-05:00,,,,2016-10-31,2016-11-04,ho9818525,sch0206
10:00:00-05:00,16:00:00-05:00,,,,2016-11-05,2016-11-05,ho9818525,sch0207
08:00:00-06:00,17:00:00-06:00,,,,2016-11-07,2016-11-07,ho9818525,sch0208
08:00:00-05:00,18:00:00-05:00,,,,2016-10-24,2016-10-28,ho50851602,sch0209
10:00:00-05:00,16:00:00-05:00,,,,2016-10-29,2016-10-29,ho50851602,sch0210
08:00:00-05:00,18:00:00-05:00,,,,2016-10-31,2016-11-04,ho50851602,sch0211
10:00:00-05:00,16:00:00-05:00,,,,2016-11-05,2016-11-05,ho50851602,sch0212
08:00:00-06:00,17:00:00-06:00,,,,2016-11-07,2016-11-07,ho50851602,sch0213
08:00:00-05:00,18:00:00-05:00,,,,2016-10-24,2016-10-28,ho10430339,sch0214
10:00:00-05:00,16:00:00-05:00,,,,2016-10-29,2016-10-29,ho10430339,sch0215
08:00:00-05:00,18:00:00-05:00,,,,2016-10-31,2016-11-04,ho10430339,sch0216
10:00:00-05:00,16:00:00-05:00,,,,2016-11-05,2016-11-05,ho10430339,sch0217
08:00:00-06:00,17:00:00-06:00,,,,2016-11-07,2016-11-07,ho10430339,sch0218
08:00:00-05:00,18:00:00-05:00,,,,2016-10-24,2016-10-28,ho88825851,sch0219
10:00:00-05:00,16:00:00-05:00,,,,2016-10-29,2016-10-29,ho88825851,sch0220
08:00:00-05:00,18:00:00-05:00,,,,2016-10-31,2016-11-04,ho88825851,sch0221
10:00:00-05:00,16:00:00-05:00,,,,2016-11-05,2016-11-05,ho88825851,sch0222
08:00:00-06:00,17:00:00-06:00,,,,2016-11-07,2016-11-07,ho88825851,sch0223
08:00:00-05:00,18:00:00-05:00,,,,2016-10-24,2016-10-28,ho40650685,sch0224
10:00:00-05:00,16:00:00-05:00,,,,2016-10-29,2016-10-29,ho40650685,sch0225
08:00:00-05:00,18:00:00-05:00,,,,2016-10-31,2016-11-04,ho40650685,sch0226
10:00:00-05:00,16:00:00-05:00,,,,2016-11-05,2016-11-05,ho40650685,sch0227
08:00:00-06:00,17:00:00-06:00,,,,2016-11-07,2016-11-07,ho40650685,sch0228
08:00:00-05:00,18:00:00-05:00,,,,2016-10-24,2016-10-28,ho55028182,sch0229
10:00:00-05:00,16:00:00-05:00,,,,2016-10-29,2016-10-29,ho55028182,sch0230
08:00:00-05:00,18:00:00-05:00,,,,2016-10-31,2016-11-04,ho55028182,sch0231
10:00:00-05:00,16:00:00-05:00,,,,2016-11-05,2016-11-05,ho55028182,sch0232
08:00:00-06:00,17:00:00-06:00,,,,2016-11-07,2016-11-07,ho55028182,sch0233
08:00:00-05:00,18:00:00-05:00,,,,2016-10-24,2016-10-28,ho87763344,sch0234
10:00:00-05:00,16:00:00-05:00,,,,2016-10-29,2016-10-29,ho87763344,sch0235
08:00:00-05:00,18:00:00-05:00,,,,2016-10-31,2016-11-04,ho87763344,sch0236
10:00:00-05:00,16:00:00-05:00,,,,2016-11-05,2016-11-05,ho87763344,sch0237
08:00:00-05:00,17:00:00-05:00,,,,2016-11-07,2016-11-07,ho87763344,sch0238
08:00:00-05:00,18:00:00-05:00,,,,2016-10-24,2016-10-28,ho10501041,sch0239
10:00:00-05:00,16:00:00-05:00,,,,2016-10-29,2016-10-29,ho10501041,sch0240
08:00:00-05:00,18:00:00-05:00,,,,2016-10-31,2016-11-04,ho10501041,sch0241
10:00:00-05:00,16:00:00-05:00,,,,2016-11-05,2016-11-05,ho10501041,sch0242
08:00:00-06:00,17:00:00-06:00,,,,2016-11-07,2016-11-07,ho10501041,sch0243
08:00:00-05:00,18:00:00-05:00,,,,2016-10-24,2016-10-28,ho74023367,sch0244
10:00:00-05:00,16:00:00-05:00,,,,2016-10-29,2016-10-29,ho74023367,sch0245
08:00:00-05:00,18:00:00-05:00,,,,2016-10-31,2016-11-04,ho74023367,sch0246
10:00:00-05:00,16:00:00-05:00,,,,2016-11-05,2016-11-05,ho74023367,sch0247
08:00:00-06:00,17:00:00-06:00,,,,2016-11-07,2016-11-07,ho74023367,sch0248
08:00:00-05:00,18:00:00-05:00,,,,2016-10-24,2016-10-28,ho98777027,sch0249
10:00:00-05:00,16:00:00-05:00,,,,2016-10-29,2016-10-29,ho98777027,sch0250
08:00:00-05:00,18:00:00-05:00,,,,2016-10-31,2016-11-04,ho98777027,sch0251
10:00:00-05:00,16:00:00-05:00,,,,2016-11-05,2016-11-05,ho98777027,sch0252
08:00:00-06:00,17:00:00-06:00,,,,2016-11-07,2016-11-07,ho98777027,sch0253
08:00:00-05:00,18:00:00-05:00,,,,2016-10-24,2016-10-28,ho41830180,sch0254
10:00:00-05:00,16:00:00-05:00,,,,2016-10-29,2016-10-29,ho41830180,sch0255
08:00:00-05:00,18:00:00-05:00,,,,2016-10-31,2016-11-04,ho41830180,sch0256
10:00:00-05:00,16:00:00-05:00,,,,2016-11-05,2016-11-05,ho41830180,sch0257
08:00:00-06:00,17:00:00-06:00,,,,2016-11-07,2016-11-07,ho41830180,sch0258
08:00:00-05:00,18:00:00-05:00,,,,2016-10-24,2016-10-28,ho22909016,sch0259
10:00:00-05:00,16:00:00-05:00,,,,2016-10-29,2016-10-29,ho22909016,sch0260
08:00:00-05:00,18:00:00-05:00,,,,2016-10-31,2016-11-04,ho22909016,sch0261
10:00:00-05:00,16:00:00-05:00,,,,2016-11-05,2016-11-05,ho22909016,sch0262
08:00:00-06:00,17:00:00-06:00,,,,2016-11-07,2016-11-07,ho22909016,sch0263
08:00:00-05:00,18:00:00-05:00,,,,2016-10-24,2016-10-28,ho7468424,sch0264
10:00:00-05:00,16:00:00-05:00,,,,2016-10-29,2016-10-29,ho7468424,sch0265
08:00:00-05:00,18:00:00-05:00,,,,2016-10-31,2016-11-04,ho7468424,sch0266
10:00:00-05:00,16:00:00-05:00,,,,2016-11-05,2016-11-05,ho7468424,sch0267
08:00:00-06:00,17:00:00-06:00,,,,2016-11-07,2016-11-07,ho7468424,sch0268
08:00:00-05:00,18:00:00-05:00,,,,2016-10-24,2016-10-28,ho60166719,sch0269
10:00:00-05:00,16:00:00-05:00,,,,2016-10-29,2016-10-29,ho60166719,sch0270
08:00:00-05:00,18:00:00-05:00,,,,2016-10-31,2016-11-04,ho60166719,sch0271
10:00:00-05:00,16:00:00-05:00,,,,2016-11-05,2016-11-05,ho60166719,sch0272
08:00:00-06:00,17:00:00-06:00,,,,2016-11-07,2016-11-07,ho60166719,sch0273
08:00:00-05:00,18:00:00-05:00,,,,2016-10-24,2016-10-28,ho66142751,sch0274
10:00:00-05:00,16:00:00-05:00,,,,2016-10-29,2016-10-29,ho66142751,sch0275
08:00:00-05:00,18:00:00-05:00,,,,2016-10-31,2016-11-04,ho66142751,sch0276
10:00:00-05:00,16:00:00-05:00,,,,2016-11-05,2016-11-05,ho66142751,sch0277
08:00:00-06:00,17:00:00-06:00,,,,2016-11-07,2016-11-07,ho66142751,sch0278
08:00:00-05:00,18:00:00-05:00,,,,2016-10-24,2016-10-28,ho46233656,sch0279
10:00:00-05:00,16:00:00-05:00,,,,2016-10-29,2016-10-29,ho46233656,sch0280
08:00:00-05:00,18:00:00-05:00,,,,2016-10-31,2016-11-04,ho46233656,sch0281
10:00:00-05:00,16:00:00-05:00,,,,2016-11-05,2016-11-05,ho46233656,sch0282
08:00:00-06:00,17:00:00-06:00,,,,2016-11-07,2016-11-07,ho46233656,sch0283
08:00:00-05:00,18:00:00-05:00,,,,2016-10-24,2016-10-28,ho84923701,sch0284
10:00:00-05:00,16:00:00-05:00,,,,2016-10-29,2016-10-29,ho84923701,sch0285
08:00:00-05:00,18:00:00-05:00,,,,2016-10-31,2016-11-04,ho84923701,sch0286
10:00:00-05:00,16:00:00-05:00,,,,2016-11-05,2016-11-05,ho84923701,sch0287
08:00:00-06:00,17:00:00-06:00,,,,2016-11-07,2016-11-07,ho84923701,sch0288
08:00:00-05:00,18:00:00-05:00,,,,2016-10-31,2016-11-04,ho73362345,sch0289
10:00:00-05:00,16:00:00-05:00,,,,2016-11-05,2016-11-05,ho73362345,sch0290
08:00:00-06:00,17:00:00-06:00,,,,2016-11-07,2016-11-07,ho73362345,sch0291
08:00:00-05:00,18:00:00-05:00,,,,2016-10-31,2016-11-04,ho73264822,sch0292
10:00:00-05:00,16:00:00-05:00,,,,2016-11-05,2016-11-05,ho73264822,sch0293
08:00:00-06:00,17:00:00-06:00,,,,2016-11-07,2016-11-07,ho73264822,sch0294
08:00:00-05:00,18:00:00-05:00,,,,2016-10-24,2016-10-28,ho42088882,sch0295
10:00:00-05:00,16:00:00-05:00,,,,2016-10-29,2016-10-29,ho42088882,sch0296
08:00:00-05:00,18:00:00-05:00,,,,2016-10-31,2016-11-04,ho42088882,sch0297
10:00:00-05:00,16:00:00-05:00,,,,2016-11-05,2016-11-05,ho42088882,sch0298
08:00:00-06:00,17:00:00-06:00,,,,2016-11-07,2016-11-07,ho42088882,sch0299
08:00:00-05:00,18:00:00-05:00,,,,2016-10-24,2016-10-28,ho61873543,sch0300
10:00:00-05:00,16:00:00-05:00,,,,2016-10-29,2016-10-29,ho61873543,sch0301
08:00:00-05:00,18:00:00-05:00,,,,2016-10-31,2016-11-04,ho61873543,sch0302
10:00:00-05:00,16:00:00-05:00,,,,2016-11-05,2016-11-05,ho61873543,sch0303
08:00:00-06:00,17:00:00-06:00,,,,2016-11-07,2016-11-07,ho61873543,sch0304
08:00:00-05:00,18:00:00-05:00,,,,2016-10-24,2016-10-28,ho64778144,sch0305
10:00:00-05:00,16:00:00-05:00,,,,2016-10-29,2016-10-29,ho64778144,sch0306
08:00:00-05:00,18:00:00-05:00,,,,2016-10-31,2016-11-04,ho64778144,sch0307
10:00:00-05:00,16:00:00-05:00,,,,2016-11-05,2016-11-05,ho64778144,sch0308
08:00:00-06:00,17:00:00-06:00,,,,2016-11-07,2016-11-07,ho64778144,sch0309
08:00:00-05:00,18:00:00-05:00,,,,2016-10-24,2016-10-28,ho55118536,sch0310
10:00:00-05:00,16:00:00-05:00,,,,2016-10-29,2016-10-29,ho55118536,sch0311
08:00:00-05:00,18:00:00-05:00,,,,2016-10-31,2016-11-04,ho55118536,sch0312
10:00:00-05:00,16:00:00-05:00,,,,2016-11-05,2016-11-05,ho55118536,sch0313
08:00:00-06:00,17:00:00-06:00,,,,2016-11-07,2016-11-07,ho55118536,sch0314
08:00:00-05:00,18:00:00-05:00,,,,2016-10-24,2016-10-28,ho68363979,sch0315
10:00:00-05:00,16:00:00-05:00,,,,2016-10-29,2016-10-29,ho68363979,sch0316
08:00:00-05:00,18:00:00-05:00,,,,2016-10-31,2016-11-04,ho68363979,sch0317
10:00:00-05:00,16:00:00-05:00,,,,2016-11-05,2016-11-05,ho68363979,sch0318
08:00:00-06:00,17:00:00-06:00,,,,2016-11-07,2016-11-07,ho68363979,sch0319
08:00:00-05:00,18:00:00-05:00,,,,2016-10-24,2016-10-28,ho51893557,sch0320
10:00:00-05:00,16:00:00-05:00,,,,2016-10-29,2016-10-29,ho51893557,sch0321
08:00:00-05:00,18:00:00-05:00,,,,2016-10-31,2016-11-04,ho51893557,sch0322
10:00:00-05:00,16:00:00-05:00,,,,2016-11-05,2016-11-05,ho51893557,sch0323
08:00:00-06:00,17:00:00-06:00,,,,2016-11-07,2016-11-07,ho51893557,sch0324
08:00:00-05:00,18:00:00-05:00,,,,2016-10-24,2016-10-28,ho90515483,sch0325
10:00:00-05:00,16:00:00-05:00,,,,2016-10-29,2016-10-29,ho90515483,sch0326
08:00:00-05:00,18:00:00-05:00,,,,2016-10-31,2016-11-04,ho90515483,sch0327
10:00:00-05:00,16:00:00-05:00,,,,2016-11-05,2016-11-05,ho90515483,sch0328
08:00:00-06:00,17:00:00-06:00,,,,2016-11-07,2016-11-07,ho90515483,sch0329
08:00:00-05:00,18:00:00-05:00,,,,2016-10-24,2016-10-28,ho59115341,sch0330
10:00:00-05:00,16:00:00-05:00,,,,2016-10-29,2016-10-29,ho59115341,sch0331
08:00:00-05:00,18:00:00-05:00,,,,2016-10-31,2016-11-04,ho59115341,sch0332
10:00:00-05:00,16:00:00-05:00,,,,2016-11-05,2016-11-05,ho59115341,sch0333
08:00:00-06:00,17:00:00-06:00,,,,2016-11-07,2016-11-07,ho59115341,sch0334
11:30:00-05:00,18:00:00-05:00,,,,2016-10-24,2016-10-28,ho14776276,sch0335
10:00:00-05:00,14:00:00-05:00,,,,2016-10-29,2016-10-29,ho14776276,sch0336
08:00:00-05:00,18:00:00-05:00,,,,2016-10-24,2016-10-28,ho64867399,sch0337
10:00:00-05:00,16:00:00-05:00,,,,2016-10-29,2016-10-29,ho64867399,sch0338
08:00:00-05:00,18:00:00-05:00,,,,2016-10-31,2016-11-04,ho64867399,sch0339
10:00:00-05:00,16:00:00-05:00,,,,2016-11-05,2016-11-05,ho64867399,sch0340
08:00:00-06:00,17:00:00-06:00,,,,2016-11-07,2016-11-07,ho64867399,sch0341
08:00:00-05:00,18:00:00-05:00,,,,2016-10-24,2016-10-28,ho91143221,sch0342
10:00:00-05:00,16:00:00-05:00,,,,2016-10-29,2016-10-29,ho91143221,sch0343
08:00:00-05:00,18:00:00-05:00,,,,2016-10-31,2016-11-04,ho91143221,sch0344
10:00:00-05:00,16:00:00-05:00,,,,2016-11-05,2016-11-05,ho91143221,sch0345
08:00:00-06:00,17:00:00-06:00,,,,2016-11-07,2016-11-07,ho91143221,sch0346
08:00:00-05:00,18:00:00-05:00,,,,2016-10-24,2016-10-28,ho66021219,sch0347
10:00:00-05:00,16:00:00-05:00,,,,2016-10-29,2016-10-29,ho66021219,sch0348
08:00:00-05:00,18:00:00-05:00,,,,2016-10-31,2016-11-04,ho66021219,sch0349
10:00:00-05:00,16:00:00-05:00,,,,2016-11-05,2016-11-05,ho66021219,sch0350
08:00:00-06:00,17:00:00-06:00,,,,2016-11-07,2016-11-07,ho66021219,sch0351
08:00:00-05:00,18:00:00-05:00,,,,2016-10-24,2016-10-28,ho32533147,sch0352
10:00:00-05:00,16:00:00-05:00,,,,2016-10-29,2016-10-29,ho32533147,sch0353
08:00:00-05:00,18:00:00-05:00,,,,2016-10-31,2016-11-04,ho32533147,sch0354
10:00:00-05:00,16:00:00-05:00,,,,2016-11-05,2016-11-05,ho32533147,sch0355
08:00:00-06:00,17:00:00-06:00,,,,2016-11-07,2016-11-07,ho32533147,sch0356
08:00:00-05:00,18:00:00-05:00,,,,2016-10-24,2016-10-28,ho18464240,sch0357
10:00:00-05:00,16:00:00-05:00,,,,2016-10-29,2016-10-29,ho18464240,sch0358
08:00:00-05:00,18:00:00-05:00,,,,2016-10-31,2016-11-04,ho18464240,sch0359
10:00:00-05:00,16:00:00-05:00,,,,2016-11-05,2016-11-05,ho18464240,sch0360
08:00:00-06:00,17:00:00-06:00,,,,2016-11-07,2016-11-07,ho18464240,sch0361
08:00:00-05:00,18:00:00-05:00,,,,2016-10-24,2016-10-28,ho17786907,sch0362
10:00:00-05:00,16:00:00-05:00,,,,2016-10-29,2016-10-29,ho17786907,sch0363
08:00:00-05:00,18:00:00-05:00,,,,2016-10-31,2016-11-04,ho17786907,sch0364
10:00:00-05:00,16:00:00-05:00,,,,2016-11-05,2016-11-05,ho17786907,sch0365
10:00:00-05:00,18:00:00-05:00,,,,2016-10-24,2016-10-28,ho15642638,sch0366
10:00:00-05:00,16:00:00-05:00,,,,2016-10-29,2016-10-29,ho15642638,sch0367
10:00:00-05:00,18:00:00-05:00,,,,2016-10-31,2016-11-04,ho15642638,sch0368
10:00:00-05:00,16:00:00-05:00,,,,2016-11-05,2016-11-05,ho15642638,sch0369
10:00:00-05:00,18:00:00-05:00,,,,2016-10-24,2016-10-28,ho77138334,sch0370
10:00:00-05:00,16:00:00-05:00,,,,2016-10-29,2016-10-29,ho77138334,sch0371
10:00:00-05:00,18:00:00-05:00,,,,2016-10-31,2016-11-04,ho77138334,sch0372
10:00:00-05:00,16:00:00-05:00,,,,2016-11-05,2016-11-05,ho77138334,sch0373
10:00:00-05:00,18:00:00-05:00,,,,2016-10-24,2016-10-28,ho33395199,sch0374
10:00:00-05:00,16:00:00-05:00,,,,2016-10-29,2016-10-29,ho33395199,sch0375
10:00:00-05:00,18:00:00-05:00,,,,2016-10-31,2016-11-04,ho33395199,sch0376
10:00:00-05:00,16:00:00-05:00,,,,2016-11-05,2016-11-05,ho33395199,sch0377
10:00:00-05:00,18:00:00-05:00,,,,2016-10-24,2016-10-28,ho17897882,sch0378
10:00:00-05:00,16:00:00-05:00,,,,2016-10-29,2016-10-29,ho17897882,sch0379
10:00:00-05:00,18:00:00-05:00,,,,2016-10-31,2016-11-04,ho17897882,sch0380
10:00:00-05:00,16:00:00-05:00,,,,2016-11-05,2016-11-05,ho17897882,sch0381
10:00:00-05:00,18:00:00-05:00,,,,2016-10-24,2016-10-28,ho11669274,sch0382
10:00:00-05:00,16:00:00-05:00,,,,2016-10-29,2016-10-29,ho11669274,sch0383
10:00:00-05:00,18:00:00-05:00,,,,2016-10-31,2016-11-04,ho11669274,sch0384
10:00:00-05:00,16:00:00-05:00,,,,2016-11-05,2016-11-05,ho11669274,sch0385
10:00:00-05:00,18:00:00-05:00,,,,2016-10-24,2016-10-28,ho7491642,sch0386
10:00:00-05:00,16:00:00-05:00,,,,2016-10-29,2016-10-29,ho7491642,sch0387
10:00:00-05:00,18:00:00-05:00,,,,2016-10-31,2016-11-04,ho7491642,sch0388
10:00:00-05:00,16:00:00-05:00,,,,2016-11-05,2016-11-05,ho7491642,sch0389
10:00:00-05:00,18:00:00-05:00,,,,2016-10-24,2016-10-28,ho27721642,sch0390
10:00:00-05:00,16:00:00-05:00,,,,2016-10-29,2016-10-29,ho27721642,sch0391
10:00:00-05:00,18:00:00-05:00,,,,2016-10-31,2016-11-04,ho27721642,sch0392
10:00:00-05:00,16:00:00-05:00,,,,2016-11-05,2016-11-05,ho27721642,sch0393
10:00:00-05:00,18:00:00-05:00,,,,2016-10-24,2016-10-28,ho38136722,sch0394
10:00:00-05:00,16:00:00-05:00,,,,2016-10-29,2016-10-29,ho38136722,sch0395
10:00:00-05:00,18:00:00-05:00,,,,2016-10-31,2016-11-04,ho38136722,sch0396
10:00:00-05:00,16:00:00-05:00,,,,2016-11-05,2016-11-05,ho38136722,sch0397
08:00:00-05:00,18:00:00-05:00,,,,2016-10-24,2016-10-28,ho46002914,sch0398
10:00:00-05:00,16:00:00-05:00,,,,2016-10-29,2016-10-29,ho46002914,sch0399
08:00:00-05:00,18:00:00-05:00,,,,2016-10-31,2016-11-04,ho46002914,sch0400
10:00:00-05:00,16:00:00-05:00,,,,2016-11-05,2016-11-05,ho46002914,sch0401
08:00:00-06:00,17:00:00-06:00,,,,2016-11-07,2016-11-07,ho46002914,sch0402
08:00:00-05:00,18:00:00-05:00,,,,2016-10-24,2016-10-28,ho11993056,sch0403
10:00:00-05:00,16:00:00-05:00,,,,2016-10-29,2016-10-29,ho11993056,sch0404
08:00:00-05:00,18:00:00-05:00,,,,2016-10-31,2016-11-04,ho11993056,sch0405
10:00:00-05:00,16:00:00-05:00,,,,2016-11-05,2016-11-05,ho11993056,sch0406
08:00:00-06:00,17:00:00-06:00,,,,2016-11-07,2016-11-07,ho11993056,sch0407
08:00:00-05:00,18:00:00-05:00,,,,2016-10-24,2016-10-28,ho42612220,sch0408
10:00:00-05:00,16:00:00-05:00,,,,2016-10-29,2016-10-29,ho42612220,sch0409
08:00:00-05:00,18:00:00-05:00,,,,2016-10-31,2016-11-04,ho42612220,sch0410
10:00:00-05:00,16:00:00-05:00,,,,2016-11-05,2016-11-05,ho42612220,sch0411
08:00:00-06:00,17:00:00-06:00,,,,2016-11-07,2016-11-07,ho42612220,sch0412
10:00:00-05:00,18:00:00-05:00,,,,2016-10-24,2016-10-28,ho38525273,sch0413
10:00:00-05:00,16:00:00-05:00,,,,2016-10-29,2016-10-29,ho38525273,sch0414
10:00:00-05:00,18:00:00-05:00,,,,2016-10-31,2016-11-04,ho38525273,sch0415
10:00:00-05:00,16:00:00-05:00,,,,2016-11-05,2016-11-05,ho38525273,sch0416
10:00:00-05:00,18:00:00-05:00,,,,2016-10-24,2016-10-28,ho44100486,sch0417
10:00:00-05:00,16:00:00-05:00,,,,2016-10-29,2016-10-29,ho44100486,sch0418
10:00:00-05:00,18:00:00-05:00,,,,2016-10-31,2016-11-04,ho44100486,sch0419
10:00:00-05:00,16:00:00-05:00,,,,2016-11-05,2016-11-05,ho44100486,sch0420
10:00:00-05:00,18:00:00-05:00,,,,2016-10-24,2016-10-28,ho26118243,sch0421
10:00:00-05:00,16:00:00-05:00,,,,2016-10-29,2016-10-29,ho26118243,sch0422
10:00:00-05:00,18:00:00-05:00,,,,2016-10-31,2016-11-04,ho26118243,sch0423
10:00:00-05:00,16:00:00-05:00,,,,2016-11-05,2016-11-05,ho26118243,sch0424
08:00:00-05:00,18:00:00-05:00,,,,2016-10-24,2016-10-28,ho94591064,sch0425
10:00:00-05:00,16:00:00-05:00,,,,2016-10-29,2016-10-29,ho94591064,sch0426
08:00:00-05:00,18:00:00-05:00,,,,2016-10-31,2016-11-04,ho94591064,sch0427
10:00:00-05:00,16:00:00-05:00,,,,2016-11-05,2016-11-05,ho94591064,sch0428
08:00:00-06:00,17:00:00-06:00,,,,2016-11-07,2016-11-07,ho94591064,sch0429
08:00:00-05:00,18:00:00-05:00,,,,2016-10-24,2016-10-28,ho97171536,sch0430
10:00:00-05:00,16:00:00-05:00,,,,2016-10-29,2016-10-29,ho97171536,sch0431
08:00:00-05:00,18:00:00-05:00,,,,2016-10-31,2016-11-04,ho97171536,sch0432
10:00:00-05:00,16:00:00-05:00,,,,2016-11-05,2016-11-05,ho97171536,sch0433
08:00:00-06:00,17:00:00-06:00,,,,2016-11-07,2016-11-07,ho97171536,sch0434
08:00:00-05:00,18:00:00-05:00,,,,2016-10-24,2016-10-28,ho31915353,sch0435
10:00:00-05:00,16:00:00-05:00,,,,2016-10-29,2016-10-29,ho31915353,sch0436
08:00:00-05:00,18:00:00-05:00,,,,2016-10-31,2016-11-04,ho31915353,sch0437
10:00:00-05:00,16:00:00-05:00,,,,2016-11-05,2016-11-05,ho31915353,sch0438
08:00:00-06:00,17:00:00-06:00,,,,2016-11-07,2016-11-07,ho31915353,sch0439
08:00:00-05:00,18:00:00-05:00,,,,2016-10-24,2016-10-28,ho56692581,sch0440
10:00:00-05:00,16:00:00-05:00,,,,2016-10-29,2016-10-29,ho56692581,sch0441
08:00:00-05:00,18:00:00-05:00,,,,2016-10-31,2016-11-04,ho56692581,sch0442
10:00:00-05:00,16:00:00-05:00,,,,2016-11-05,2016-11-05,ho56692581,sch0443
08:00:00-06:00,17:00:00-06:00,,,,2016-11-07,2016-11-07,ho56692581,sch0444
08:00:00-05:00,18:00:00-05:00,,,,2016-10-24,2016-10-28,ho14513419,sch0445
10:00:00-05:00,16:00:00-05:00,,,,2016-10-29,2016-10-29,ho14513419,sch0446
08:00:00-05:00,18:00:00-05:00,,,,2016-10-31,2016-11-04,ho14513419,sch0447
10:00:00-05:00,16:00:00-05:00,,,,2016-11-05,2016-11-05,ho14513419,sch0448
08:00:00-06:00,17:00:00-06:00,,,,2016-11-07,2016-11-07,ho14513419,sch0449
08:00:00-05:00,18:00:00-05:00,,,,2016-10-24,2016-10-28,ho41424250,sch0450
10:00:00-05:00,16:00:00-05:00,,,,2016-10-29,2016-10-29,ho41424250,sch0451
08:00:00-05:00,18:00:00-05:00,,,,2016-10-31,2016-11-04,ho41424250,sch0452
10:00:00-05:00,16:00:00-05:00,,,,2016-11-05,2016-11-05,ho41424250,sch0453
08:00:00-06:00,17:00:00-06:00,,,,2016-11-07,2016-11-07,ho41424250,sch0454
08:00:00-05:00,18:00:00-05:00,,,,2016-10-24,2016-10-28,ho1769903,sch0455
10:00:00-05:00,16:00:00-05:00,,,,2016-10-29,2016-10-29,ho1769903,sch0456
08:00:00-05:00,18:00:00-05:00,,,,2016-10-31,2016-11-04,ho1769903,sch0457
10:00:00-05:00,16:00:00-05:00,,,,2016-11-05,2016-11-05,ho1769903,sch0458
08:00:00-06:00,17:00:00-06:00,,,,2016-11-07,2016-11-07,ho1769903,sch0459
08:00:00-05:00,18:00:00-05:00,,,,2016-10-24,2016-10-28,ho20759741,sch0460
10:00:00-05:00,16:00:00-05:00,,,,2016-10-29,2016-10-29,ho20759741,sch0461
08:00:00-05:00,18:00:00-05:00,,,,2016-10-31,2016-11-04,ho20759741,sch0462
10:00:00-05:00,16:00:00-05:00,,,,2016-11-05,2016-11-05,ho20759741,sch0463
08:00:00-06:00,17:00:00-06:00,,,,2016-11-07,2016-11-07,ho20759741,sch0464
08:00:00-05:00,18:00:00-05:00,,,,2016-10-24,2016-10-28,ho72425139,sch0465
10:00:00-05:00,16:00:00-05:00,,,,2016-10-29,2016-10-29,ho72425139,sch0466
08:00:00-05:00,18:00:00-05:00,,,,2016-10-31,2016-11-04,ho72425139,sch0467
10:00:00-05:00,16:00:00-05:00,,,,2016-11-05,2016-11-05,ho72425139,sch0468
08:00:00-05:00,18:00:00-05:00,,,,2016-11-07,2016-11-07,ho72425139,sch0469
08:00:00-05:00,18:00:00-05:00,,,,2016-10-24,2016-10-28,ho82757232,sch0470
10:00:00-05:00,16:00:00-05:00,,,,2016-10-29,2016-10-29,ho82757232,sch0471
08:00:00-05:00,18:00:00-05:00,,,,2016-10-31,2016-11-04,ho82757232,sch0472
10:00:00-05:00,16:00:00-05:00,,,,2016-11-05,2016-11-05,ho82757232,sch0473
08:00:00-06:00,17:00:00-06:00,,,,2016-11-07,2016-11-07,ho82757232,sch0474
08:00:00-05:00,18:00:00-05:00,,,,2016-10-24,2016-10-28,ho20721786,sch0475
10:00:00-05:00,16:00:00-05:00,,,,2016-10-29,2016-10-29,ho20721786,sch0476
08:00:00-05:00,18:00:00-05:00,,,,2016-10-31,2016-11-04,ho20721786,sch0477
10:00:00-05:00,16:00:00-05:00,,,,2016-11-05,2016-11-05,ho20721786,sch0478
08:00:00-06:00,17:00:00-06:00,,,,2016-11-07,2016-11-07,ho20721786,sch0479
08:00:00-05:00,18:00:00-05:00,,,,2016-10-24,2016-10-28,ho89563638,sch0480
10:00:00-05:00,16:00:00-05:00,,,,2016-10-29,2016-10-29,ho89563638,sch0481
08:00:00-05:00,18:00:00-05:00,,,,2016-10-31,2016-11-04,ho89563638,sch0482
10:00:00-05:00,16:00:00-05:00,,,,2016-11-05,2016-11-05,ho89563638,sch0483
08:00:00-06:00,17:00:00-06:00,,,,2016-11-07,2016-11-07,ho89563638,sch0484
08:00:00-05:00,18:00:00-05:00,,,,2016-10-24,2016-10-28,ho39115610,sch0485
10:00:00-05:00,16:00:00-05:00,,,,2016-10-29,2016-10-29,ho39115610,sch0486
08:00:00-05:00,18:00:00-05:00,,,,2016-10-31,2016-11-04,ho39115610,sch0487
10:00:00-05:00,16:00:00-05:00,,,,2016-11-05,2016-11-05,ho39115610,sch0488
08:00:00-06:00,17:00:00-06:00,,,,2016-11-07,2016-11-07,ho39115610,sch0489
08:00:00-05:00,18:00:00-05:00,,,,2016-10-24,2016-10-28,ho26060316,sch0490
10:00:00-05:00,16:00:00-05:00,,,,2016-10-29,2016-10-29,ho26060316,sch0491
08:00:00-05:00,18:00:00-05:00,,,,2016-10-31,2016-11-04,ho26060316,sch0492
10:00:00-05:00,16:00:00-05:00,,,,2016-11-05,2016-11-05,ho26060316,sch0493
08:00:00-06:00,17:00:00-06:00,,,,2016-11-07,2016-11-07,ho26060316,sch0494
08:00:00-05:00,18:00:00-05:00,,,,2016-10-24,2016-10-28,ho93257875,sch0495
08:00:00-05:00,18:00:00-05:00,,,,2016-10-31,2016-11-04,ho93257875,sch0496
10:00:00-05:00,16:00:00-05:00,,,,2016-10-29,2016-10-29,ho93257875,sch0497
10:00:00-05:00,16:00:00-05:00,,,,2016-11-05,2016-11-05,ho93257875,sch0498
08:00:00-06:00,17:00:00-06:00,,,,2016-11-07,2016-11-07,ho93257875,sch0499
08:00:00-05:00,18:00:00-05:00,,,,2016-10-25,2016-10-25,ho57422472,sch0500
08:00:00-05:00,18:00:00-05:00,,,,2016-10-26,2016-10-26,ho2384942,sch0501
08:00:00-05:00,18:00:00-05:00,,,,2016-10-27,2016-10-27,ho93169633,sch0502
08:00:00-05:00,18:00:00-05:00,,,,2016-10-28,2016-10-28,ho95244920,sch0503
