address_line,directions,hours,photo_uri,hours_open_id,is_drop_box,is_early_voting,latitude,longitude,latlng_source,id
"133 Main Road, Abbot, ME",,09:00 AM-08:00 PM,,ho68871362,false,false,,,,poll97292509
"35 H Road, Acton, ME",,08:00 AM-08:00 PM,,ho46485397,false,false,,,,poll21578076
"334 Water Street, Addison, ME",,08:00 AM-08:00 PM,,ho4067157,false,false,,,,poll482322
"1581 Hunts Corner Road, Albany Twp, ME",,08:00 AM-08:00 PM,,ho49451530,false,false,,,,poll70261282
"22 Main Street, Albion, ME",,08:00 AM-08:00 PM,,ho31782989,false,false,,,,poll97932585
"50 Cooper Road, Alexander, ME",,08:00 AM-08:00 PM,,ho10091671,false,false,,,,poll66891783
"8 Kennebunk Road, Alfred, ME",,08:00 AM-08:00 PM,,ho40958193,false,false,,,,poll39208539
"1063 Allagash Road, Allagash, ME",,10:00 AM-08:00 PM,,ho35138889,false,false,,,,poll51907005
"1579 Alna Road, Alna, ME",,08:00 AM-08:00 PM,,ho15028734,false,false,,,,poll23294157
"3352 Bennoch Road, Alton, ME",,08:00 AM-08:00 PM,,ho55475550,false,false,,,,poll29790994
"572 Airline Road, Amherst, ME",,10:00 AM-08:00 PM,,ho42813170,false,false,,,,poll61650670
"1143 US Route 1, Amity, ME",,09:00 AM-08:00 PM,,ho11363772,false,false,,,,poll53409498
"24 Elm Street, Andover, ME",,08:00 AM-08:00 PM,,ho26337257,false,false,,,,poll84066734
"5 Kennebec Street, Anson, ME",,09:00 AM-08:00 PM,,ho96245380,false,false,,,,poll36839356
"2915 Sennebec Road, Appleton, ME",,08:00 AM-08:00 PM,,ho85669125,false,false,,,,poll27400922
"340 Arrowsic Road, Arrowsic, ME",,10:00 AM-08:00 PM,,ho67458809,false,false,,,,poll10371187
"468 Limerick Road, Arundel, ME",,08:00 AM-08:00 PM,,ho37830429,false,false,,,,poll16682067
"17 Bridgham Street, Ashland, ME",,08:00 AM-08:00 PM,,ho73887902,false,false,,,,poll85303506
"26 Academy Street, Athens, ME",,08:00 AM-08:00 PM,,ho38924726,false,false,,,,poll9058049
"102 No. Stagecoach Road, Atkinson, ME",,10:00 AM-08:00 PM,,ho34713428,false,false,,,,poll41887559
"35 Lake Auburn Avenue, Auburn, ME",,07:00 AM-08:00 PM,,ho50967039,false,false,,,,poll73200101
"38 Falcon Drive, Auburn, ME",,07:00 AM-08:00 PM,,ho83190626,false,false,,,,poll66535126
"397 Minot Avenue, Auburn, ME",,07:00 AM-08:00 PM,,ho80624780,false,false,,,,poll88025151
"60 Court Street, Auburn, ME",,07:00 AM-08:00 PM,,ho38764733,false,false,,,,poll76189264
"32 Sherwood Drive, Auburn, ME",,07:00 AM-08:00 PM,,ho26598555,false,false,,,,poll62285884
"179 Western Avenue, Augusta, ME",,07:00 AM-08:00 PM,,ho96769509,false,false,,,,poll99012497
"16 Cony Street, Augusta, ME",,07:00 AM-08:00 PM,,ho31377776,false,false,,,,poll97535790
"76 Community Drive, Augusta, ME",,07:00 AM-08:00 PM,,ho61898916,false,false,,,,poll14027151
"60 Pierce Drive, Augusta, ME",,07:00 AM-08:00 PM,,ho94371071,false,false,,,,poll84262059
"Old Route 9, Aurora, ME",,10:00 AM-08:00 PM,,ho32964750,false,false,,,,poll7027449
"1116 Rangeley Road, Avon, ME",,09:00 AM-08:00 PM,,ho70455665,false,false,,,,poll56668608
"63 Broadway Street, Baileyville, ME",,08:00 AM-08:00 PM,,ho62621516,false,false,,,,poll45686813
"534 Pequawket Trail, Baldwin, ME",,08:00 AM-08:00 PM,,ho20603147,false,false,,,,poll24353627
"5 Church Lane, Bancroft, ME",,10:00 AM-08:00 PM,,ho79400256,false,false,,,,poll18641104
"515 Main Street, Bangor, ME",,07:00 AM-08:00 PM,,ho29957149,false,false,,,,poll67636713
"93 Cottage Street, Bar Harbor, ME",,08:00 AM-08:00 PM,,ho69859646,false,false,,,,poll86969873
"47 Front Street, Baring Plt, ME",,10:00 AM-08:00 PM,,ho57777308,false,false,,,,poll67832907
"6 Old Brunswick Road, Bath, ME",,08:00 AM-08:00 PM,,ho66444253,false,false,,,,poll45430813
"11 Big Pond Road, Beals, ME",,08:00 AM-08:00 PM,,ho56430050,false,false,,,,poll14805339
"795 Lily Bay Road, Beaver Cove, ME",,08:30 AM-08:00 PM,,ho93082722,false,false,,,,poll41603774
"1978 State Highway 193, Beddington, ME",,10:00 AM-08:00 PM,,ho91549874,false,false,,,,poll17666823
"34 Commercial Street, Belfast, ME",,07:00 AM-08:00 PM,,ho8988027,false,false,,,,poll58081525
"23 Mill Lane, Belfast, ME",,07:00 AM-08:00 PM,,ho83887178,false,false,,,,poll88716556
"990 Augusta Road, Belgrade, ME",,06:00 AM-08:00 PM,,ho41357161,false,false,,,,poll23183554
"613 Back Belmont Road, Belmont, ME",,08:00 AM-08:00 PM,,ho34342238,false,false,,,,poll50697400
"1279 Clinton Avenue, Benton, ME",,08:00 AM-08:00 PM,,ho42051965,false,false,,,,poll17366071
"11 Sullivan Square, Berwick, ME",,06:00 AM-08:00 PM,,ho14488528,false,false,,,,poll78870329
"19 Crescent Lane, Bethel, ME",,08:00 AM-08:00 PM,,ho37515493,false,false,,,,poll86978409
"10-20 Maplewood Avenue, Biddeford, ME",,07:00 AM-08:00 PM,,ho93448988,false,false,,,,poll56470056
"263 Main Street, Bingham, ME",,08:00 AM-08:00 PM,,ho34205094,false,false,,,,poll89233454
"52 Military Road, Blaine, ME",,08:00 AM-08:00 PM,,ho60642886,false,false,,,,poll94622396
"18 Union Street, Blue Hill, ME",,08:00 AM-08:00 PM,,ho94999279,false,false,,,,poll14930475
"1011 Wiscasset Road, Boothbay, ME",,08:00 AM-08:00 PM,,ho62341564,false,false,,,,poll27292142
"11 Howard Street, Boothbay Harbor, ME",,08:00 AM-08:00 PM,,ho70055232,false,false,,,,poll24407076
"1460 Main Street, Bowdoin, ME",,08:00 AM-08:00 PM,,ho17248083,false,false,,,,poll21216459
"13 School Street, Bowdoinham, ME",,08:00 AM-08:00 PM,,ho10617382,false,false,,,,poll96785055
"650 Bowerbank Road, Bowerbank, ME",,10:00 AM-08:00 PM,,ho50050132,false,false,,,,poll62799040
"345 East Road, Bradford, ME",,08:00 AM-08:00 PM,,ho21857027,false,false,,,,poll2960530
"165B Main Street, Bradley, ME",,08:00 AM-08:00 PM,,ho59623929,false,false,,,,poll2588214
"208 Waldoboro Road, Bremen, ME",,08:00 AM-08:00 PM,,ho32412777,false,false,,,,poll67054999
"318 Wilson Street, Brewer, ME",,07:00 AM-08:00 PM,,ho59625054,false,false,,,,poll86085541
"11 Bootfoot Road, Bridgewater, ME",,08:00 AM-08:00 PM,,ho89279518,false,false,,,,poll28449254
"26 North High Street, Bridgton, ME",,08:00 AM-08:00 PM,,ho54240293,false,false,,,,poll58230656
"Stagecoach Road, Brighton Plt, ME",,10:00 AM-08:00 PM,,ho80242767,false,false,,,,poll22040924
"1268 Bristol Road, Bristol, ME",,08:00 AM-08:00 PM,,ho504011,false,false,,,,poll6233353
"23 Bay Road, Brooklin, ME",,08:00 AM-08:00 PM,,ho95637689,false,false,,,,poll20677363
"19 Purple Heart Highway, Brooks, ME",,08:00 AM-08:00 PM,,ho93582627,false,false,,,,poll9612193
"1 Townhouse Road, Brooksville, ME",,08:00 AM-08:00 PM,,ho9183264,false,false,,,,poll89248415
"82 Main Street, Brownfield, ME",,08:00 AM-08:00 PM,,ho97232716,false,false,,,,poll96407460
"774 Main Road, Brownville, ME",,08:00 AM-08:00 PM,,ho37837629,false,false,,,,poll99678431
"65 Columbia Avenue, Brunswick, ME",,07:00 AM-08:00 PM,,ho34927998,false,false,,,,poll61574618
"34 Turner Street, Buckfield, ME",,08:00 AM-08:00 PM,,ho71300177,false,false,,,,poll95418486
"66 Bridge Street, Bucksport, ME",,07:00 AM-08:00 PM,,ho92876112,false,false,,,,poll31979359
"1523 Long Ridge Road, Burlington, ME",,06:00 AM-08:00 PM,,ho69499304,false,false,,,,poll71231956
"247 South Horseback Road, Burnham, ME",,08:00 AM-08:00 PM,,ho94025057,false,false,,,,poll97648866
"185 Portland Road, Buxton, ME",,06:00 AM-08:00 PM,,ho73199798,false,false,,,,poll90274371
"1 Byron Village Road, Byron, ME",,10:00 AM-08:00 PM,,ho91063815,false,false,,,,poll468689
"53 Garfield Street, Calais, ME",,08:00 AM-08:00 PM,,ho3984480,false,false,,,,poll81116730
"202 Ripley Road, Cambridge, ME",,10:00 AM-08:00 PM,,ho96133673,false,false,,,,poll84796504
"31 Washington Street, Camden, ME",,08:00 AM-08:00 PM,,ho29757726,false,false,,,,poll81485350
"299 Main Street, Canaan, ME",,08:00 AM-08:00 PM,,ho72723731,false,false,,,,poll10103654
"94 Turner Street, Canton, ME",,08:00 AM-08:00 PM,,ho67289156,false,false,,,,poll1877543
"Ocean House Road, Cape Elizabeth, ME",,07:00 AM-08:00 PM,,ho81978506,false,false,,,,poll94737733
"11 School Street, Caratunk, ME",,10:00 AM-08:00 PM,,ho17827377,false,false,,,,poll36348486
"55 Bennett Drive, Caribou, ME",,08:00 AM-08:00 PM,,ho64467007,false,false,,,,poll67109793
"928 Main Road, Carmel, ME",,08:00 AM-08:00 PM,,ho94726561,false,false,,,,poll76163027
"1001 Carriage Road, Carrabassett Valley, ME",,08:00 AM-08:00 PM,,ho85451820,false,false,,,,poll533015
"644 Brown Road, Carroll Plt, ME",,10:00 AM-08:00 PM,,ho72416140,false,false,,,,poll87473118
"703A Carthage Road, Carthage, ME",,08:00 AM-08:00 PM,,ho7344442,false,false,,,,poll19843491
"175 Hodgdon Mills Road, Cary Plt, ME",,08:00 AM-08:00 PM,,ho52397850,false,false,,,,poll60226803
"940 Meadow Road, Casco, ME",,08:00 AM-08:00 PM,,ho24589115,false,false,,,,poll49872063
"67 Court Street, Castine, ME",,08:00 AM-08:00 PM,,ho40619042,false,false,,,,poll40481311
"1953 State Road, Castle Hill & T11 R4, ME",,10:00 AM-08:00 PM,,ho15869221,false,false,,,,poll749488
"1025 Van Buren Road, Caswell, ME",,08:00 AM-08:00 PM,,ho60853258,false,false,,,,poll76934718
"94 Town Hall Road, Chapman, ME",,10:00 AM-08:00 PM,,ho95312190,false,false,,,,poll86339009
"125 School Road, Charleston, ME",,08:00 AM-08:00 PM,,ho92575750,false,false,,,,poll65834449
"1092 Ayers Junction Road, Charlotte, ME",,10:00 AM-08:00 PM,,ho68553299,false,false,,,,poll87719442
"247 South Road, Chebeague Island, ME",,08:00 AM-08:00 PM,,ho83598135,false,false,,,,poll8888966
"566 Togus Road, Chelsea, ME",,08:00 AM-08:00 PM,,ho48638415,false,false,,,,poll37129963
"12 Municipal Way, Cherryfield, ME",,08:00 AM-08:00 PM,,ho19541531,false,false,,,,poll3877169
"43 South Chester Road, Chester, ME",,08:00 AM-08:00 PM,,ho81881060,false,false,,,,poll43636403
"409 Dutch Gap Road, Chesterville, ME",,08:00 AM-08:00 PM,,ho40166147,false,false,,,,poll36822464
"571 Lakeview Drive, China, ME",,07:00 AM-08:00 PM,,ho91975342,false,false,,,,poll70206491
"135 Airline Road, Clifton, ME",,08:00 AM-08:00 PM,,ho93697245,false,false,,,,poll93089184
"27 Baker Street, Clinton, ME",,08:00 AM-08:00 PM,,ho79006619,false,false,,,,poll19054019
"48 North Road, Codyville Plt (With Topsfield), ME",,10:00 AM-08:00 PM,,ho6885975,false,false,,,,poll32246791
"106 Epping Road, Columbia, ME",,10:00 AM-08:00 PM,,ho57167077,false,false,,,,poll46670568
"8 Point Street, Columbia Falls, ME",,08:00 AM-08:00 PM,,ho70601438,false,false,,,,poll15293014
"55 Bennett Drive, Connor Twp, ME",,08:00 AM-08:00 PM,,ho7213920,false,false,,,,poll52417932
"Route 191-Cooper Highway, Cooper, ME",,10:00 AM-08:00 PM,,ho69765151,false,false,,,,poll22148765
"5 Currie Street, Coplin Plt  & Wyman Twp, ME",,10:00 AM-08:00 PM,,ho171203,false,false,,,,poll43696968
"37 Exeter Road, Corinna, ME",,08:00 AM-08:00 PM,,ho86971521,false,false,,,,poll57998110
"31 Exeter Road, Corinth, ME",,08:00 AM-08:00 PM,,ho14617942,false,false,,,,poll10274898
"17 Maple Street, Cornish, ME",,08:00 AM-08:00 PM,,ho44962030,false,false,,,,poll716588
"493 West Ridge Road, Cornville, ME",,08:00 AM-08:00 PM,,ho22234535,false,false,,,,poll97151221
"191 Cranberry Road, Cranberry Isles, ME",,10:00 AM-08:00 PM,,ho51132109,false,false,,,,poll52821559
"10 Mosswood Road, Cranberry Isles, ME",,10:00 AM-08:00 PM,,ho44567132,false,false,,,,poll25292139
"3190 Airline Road, Crawford, ME",,10:00 AM-08:00 PM,,ho29055602,false,false,,,,poll19855210
"1809 Caribou Road, Cross Lake Twp (With New Canada), ME",,10:00 AM-08:00 PM,,ho2975421,false,false,,,,poll72856928
"272 Crystal Road, Crystal, ME",,10:00 AM-08:00 PM,,ho89073152,false,false,,,,poll72016269
"290 Tuttle Road, Cumberland, ME",,07:00 AM-08:00 PM,,ho90499064,false,false,,,,poll14548429
"39 Cross Road, Cushing, ME",,08:00 AM-08:00 PM,,ho76902884,false,false,,,,poll48321583
"2655 Cutler Road, Cutler, ME",,08:00 AM-08:00 PM,,ho93166820,false,false,,,,poll73805540
"218 Caribou Road, Rt #1, Cyr Plt, ME",,10:00 AM-08:00 PM,,ho30531622,false,false,,,,poll54580676
"436 Dallas Hill Road, Dallas Plt, ME",,10:00 AM-08:00 PM,,ho21012929,false,false,,,,poll49079292
"21 School Street, Damariscotta, ME",,08:00 AM-08:00 PM,,ho67999287,false,false,,,,poll24183369
"52 Depot Street, Danforth (And Brookton Twp & Forest Twp), ME",,08:00 AM-08:00 PM,,ho98274193,false,false,,,,poll38495174
"33 Clarks Mills Road, Dayton, ME",,08:00 AM-08:00 PM,,ho36842481,false,false,,,,poll44275726
"8 Lane Road, Deblois, ME",,09:30 AM-08:00 PM,,ho78671015,false,false,,,,poll32530753
"8 Bald Mountain Road, Dedham, ME",,08:00 AM-08:00 PM,,ho48678780,false,false,,,,poll40871165
"70 Church Street, Deer Isle, ME",,08:00 AM-08:00 PM,,ho71862970,false,false,,,,poll33429481
"62 East Main Street, Denmark, ME",,08:00 AM-08:00 PM,,ho99055952,false,false,,,,poll32352578
"705 Main Street, Dennistown Plt, ME",,10:00 AM-08:00 PM,,ho54580304,false,false,,,,poll74275078
"2 Main Street, Dennysville (And Edmunds Twp), ME",,10:00 AM-08:00 PM,,ho88089922,false,false,,,,poll25296355
"35 South Main Street, Detroit, ME",,08:00 AM-08:00 PM,,ho97538977,false,false,,,,poll42164790
"10 Hall Street, Dexter, ME",,08:00 AM-08:00 PM,,ho19642314,false,false,,,,poll99810328
"8 River Lane, Dixfield, ME",,08:00 AM-08:00 PM,,ho31460742,false,false,,,,poll37578860
"758 Western Avenue, Dixmont, ME",,08:00 AM-08:00 PM,,ho28021224,false,false,,,,poll24186661
"48 Morton Avenue, Dover-Foxcroft, ME",,08:00 AM-08:00 PM,,ho85001559,false,false,,,,poll23065761
"314 Patterson Road, Dresden, ME",,08:00 AM-08:00 PM,,ho75571546,false,false,,,,poll58512163
"65 Center Street, Drew Plt, ME",,10:00 AM-08:00 PM,,ho32699536,false,false,,,,poll27789067
"654 Hallowell Road, Durham, ME",,08:00 AM-08:00 PM,,ho43638878,false,false,,,,poll75335452
"864 Dyer Brook Road, Dyer Brook, ME",,09:00 AM-08:00 PM,,ho19457923,false,false,,,,poll6438514
"36 Devoe Brook Road, Eagle Lake, ME",,08:00 AM-08:00 PM,,ho5432123,false,false,,,,poll36157455
"571 Main Street, East Machias, ME",,08:00 AM-08:00 PM,,ho70379259,false,false,,,,poll75315430
"53 Main Street, East Millinocket, ME",,08:00 AM-08:00 PM,,ho48510899,false,false,,,,poll40791643
"959 Eastbrook Road, Eastbrook, ME",,10:00 AM-08:00 PM,,ho58627252,false,false,,,,poll99040911
"3 Station Road, Easton, ME",,08:00 AM-08:00 PM,,ho14352994,false,false,,,,poll10715036
"89 High Street, Eastport, ME",,08:00 AM-08:00 PM,,ho25780228,false,false,,,,poll90839587
"906 Main Road, Eddington, ME",,08:00 AM-08:00 PM,,ho94662035,false,false,,,,poll11385692
"16 Town Hall Road, Edgecomb, ME",,08:00 AM-08:00 PM,,ho97513446,false,false,,,,poll96709620
"595 Edinburg Road, Edinburg & Part Of Argyle Twp, ME",,10:00 AM-08:00 PM,,ho79625522,false,false,,,,poll14766765
"626 Harold L. Dow Highway, Eliot, ME",,08:00 AM-08:00 PM,,ho75900891,false,false,,,,poll92227450
"1 City Hall Plaza, Ellsworth, ME",,07:00 AM-08:00 PM,,ho27723973,false,false,,,,poll10822805
"283 State Street, Ellsworth, ME",,07:00 AM-08:00 PM,,ho21573117,false,false,,,,poll90873214
"867 Bangor Road, Ellsworth, ME",,07:00 AM-08:00 PM,,ho74635340,false,false,,,,poll25501073
"809 Embden Pond Road, Embden, ME",,08:00 AM-08:00 PM,,ho84684035,false,false,,,,poll57209035
"789 Hammett Road, Enfield, ME",,08:00 AM-08:00 PM,,ho80278336,false,false,,,,poll80233581
"17 Shadow Lane, Etna, ME",,08:00 AM-08:00 PM,,ho68956433,false,false,,,,poll93438803
"88 Main Street, Eustis, ME",,08:00 AM-08:00 PM,,ho96622617,false,false,,,,poll6098418
"1221 Stetson Road, Exeter, ME",,08:00 AM-08:00 PM,,ho20984336,false,false,,,,poll17450760
"61 Water Street, Fairfield, ME",,07:30 AM-08:00 PM,,ho68754760,false,false,,,,poll85052448
"74 Woodville Road, Falmouth, ME",,07:00 AM-08:00 PM,,ho76084709,false,false,,,,poll19349552
"111 Maple Street, Farmingdale, ME",,08:00 AM-08:00 PM,,ho42973646,false,false,,,,poll91456699
"127 Middle Street, Farmington, ME",,08:00 AM-08:00 PM,,ho84816567,false,false,,,,poll98089796
"2769 Main Street, Fayette, ME",,08:00 AM-08:00 PM,,ho74383185,false,false,,,,poll80943537
"18 Community Center Drive, Fort Fairfield, ME",,08:00 AM-08:00 PM,,ho2788680,false,false,,,,poll98778840
"416 West Main Street, Fort Kent, ME",,08:00 AM-08:00 PM,,ho83597859,false,false,,,,poll26685657
"42 Main Road, Frankfort, ME",,08:00 AM-08:00 PM,,ho59823000,false,false,,,,poll71330344
"34 Main Street, Franklin, ME",,08:00 AM-08:00 PM,,ho6580287,false,false,,,,poll23439241
"71 Pleasant Street, Freedom, ME",,08:00 AM-08:00 PM,,ho15950557,false,false,,,,poll52608767
"Holbrook Street, Freeport, ME",,07:00 AM-08:00 PM,,ho28392725,false,false,,,,poll26311440
"1 Executive Drive, Frenchboro, ME",,10:00 AM-08:00 PM,,ho75344389,false,false,,,,poll75215267
"343-A US Route 1, Frenchville, ME",,08:00 AM-08:00 PM,,ho98862005,false,false,,,,poll98466622
"31 Main Street, Friendship, ME",,08:00 AM-08:00 PM,,ho55534155,false,false,,,,poll32232360
"7 Ferry Landing Road, Raymond, Frye Island, ME",,10:00 AM-08:00 PM,,ho63673254,false,false,,,,poll45009260
"Bradley Street, Fryeburg, ME",,08:00 AM-08:00 PM,,ho88217924,false,false,,,,poll51357642
"14 Pray Street, Gardiner, ME",,08:00 AM-08:00 PM,,ho92017577,false,false,,,,poll59262431
"10 Cross Road, Garfield Plt, ME",,10:00 AM-08:00 PM,,ho97986865,false,false,,,,poll61920883
"108 Corinth Road, Garland, ME",,08:00 AM-08:00 PM,,ho40069545,false,false,,,,poll92674594
"52 Bay Point Road, Georgetown, ME",,08:00 AM-08:00 PM,,ho54773417,false,false,,,,poll30059883
"10 Depot Street, Gilead, ME",,10:00 AM-08:00 PM,,ho88356123,false,false,,,,poll1887689
"144 Lakeview Road, Glenburn, ME",,07:30 AM-08:00 PM,,ho44341052,false,false,,,,poll68503979
"106 Weeks Road, Gorham, ME",,07:00 AM-08:00 PM,,ho83131090,false,false,,,,poll83735858
"40 Acorn St, Gorham, ME",,07:00 AM-08:00 PM,,ho21866440,false,false,,,,poll65061896
"75 South Street, Gorham, ME",,07:00 AM-08:00 PM,,ho53756788,false,false,,,,poll74255511
"679 Pond Road, Gouldsboro, ME",,08:00 AM-08:00 PM,,ho23508442,false,false,,,,poll41186819
"366 Main Street, Grand Isle, ME",,09:00 AM-08:00 PM,,ho59245511,false,false,,,,poll33796419
"15 Water Street, Grand Lake Stream Plt, ME",,10:00 AM-08:00 PM,,ho43672842,false,false,,,,poll13080523
"22 Main Street, Gray, ME",,06:00 AM-08:00 PM,,ho97978255,false,false,,,,poll16184476
"1235 Great Pond Road, Great Pond, ME",,10:00 AM-08:00 PM,,ho79678532,false,false,,,,poll78036376
"132 Military Road, Greenbush, ME",,08:00 AM-08:00 PM,,ho14905532,false,false,,,,poll5516593
"220 Main Street, Greene, ME",,06:00 AM-08:00 PM,,ho57099920,false,false,,,,poll94814882
"7 Minden Street, Greenville, ME",,08:00 AM-08:00 PM,,ho84070676,false,false,,,,poll94360812
"595 Gore Road, Greenwood, ME",,08:00 AM-08:00 PM,,ho28382743,false,false,,,,poll21946918
"4 School Street, Guilford (And Kingsbury Plt), ME",,08:00 AM-08:00 PM,,ho54322171,false,false,,,,poll47335818
"26 Garden Lane, Hallowell, ME",,08:00 AM-08:00 PM,,ho90658977,false,false,,,,poll19966497
"588 Hamlin Road, Hamlin, ME",,10:00 AM-08:00 PM,,ho63927891,false,false,,,,poll20621000
"13 Burnt Brow Road, Hammond, ME",,10:00 AM-08:00 PM,,ho2231568,false,false,,,,poll67007038
"106 Western Avenue, Hampden, ME",,07:00 AM-08:00 PM,,ho20615475,false,false,,,,poll97586912
"18 Point Road, Hancock, ME",,08:00 AM-08:00 PM,,ho95595036,false,false,,,,poll53313949
"21 Ferry Road, Hanover, ME",,10:00 AM-08:00 PM,,ho11303929,false,false,,,,poll67887484
"18 Main Street, Harmony, ME",,08:00 AM-08:00 PM,,ho89406346,false,false,,,,poll30242180
"917 Harpswell Neck Road, Harpswell, ME",,08:00 AM-08:00 PM,,ho17866542,false,false,,,,poll11202284
"837 Cundy's Harbor Road, Harpswell, ME",,08:00 AM-08:00 PM,,ho40453000,false,false,,,,poll97192295
"1594 Harpswell Islands Road, Harpswell, ME",,08:00 AM-08:00 PM,,ho11160257,false,false,,,,poll716893
"114 East Main Street, Harrington, ME",,08:00 AM-08:00 PM,,ho18999523,false,false,,,,poll25635525
"20 Front Street, Harrison, ME",,07:00 AM-08:00 PM,,ho59704664,false,false,,,,poll72355538
"1190 Main Street, Hartford, ME",,08:00 AM-08:00 PM,,ho23935340,false,false,,,,poll8135698
"21 Academy Street, Hartland, ME",,08:00 AM-08:00 PM,,ho14048747,false,false,,,,poll24929070
"16 Danforth Road, Haynesville, ME",,10:00 AM-08:00 PM,,ho43438355,false,false,,,,poll41883374
"351 Paris Road, Hebron, ME",,08:00 AM-08:00 PM,,ho63339105,false,false,,,,poll21106616
"235 Billings Road, Hermon, ME",,07:00 AM-08:00 PM,,ho12566191,false,false,,,,poll99193956
"27 Dearborn Street, Hersey, ME",,08:00 AM-08:00 PM,,ho52975180,false,false,,,,poll42668153
"Long Falls Dam Road, Highland Plt, ME",,10:00 AM-08:00 PM,,ho39362623,false,false,,,,poll89561803
"25 Allard Circle, Hiram, ME",,08:00 AM-08:00 PM,,ho66727325,false,false,,,,poll83567235
"179 Hodgdon Mills Road, Hodgdon, ME",,08:00 AM-08:00 PM,,ho48811257,false,false,,,,poll40198815
"570 Main Road, Holden, ME",,07:00 AM-08:00 PM,,ho52236568,false,false,,,,poll3081847
"405 Plains Road, Hollis, ME",,07:00 AM-08:00 PM,,ho13337005,false,false,,,,poll88977722
"441 Camden Road, Hope, ME",,08:00 AM-08:00 PM,,ho90618037,false,false,,,,poll1712853
"128 Main Street, Houlton, ME",,07:00 AM-08:00 PM,,ho33988086,false,false,,,,poll24418863
"8 Main Street, Howland, ME",,08:00 AM-08:00 PM,,ho67471562,false,false,,,,poll67394366
"2334 Hudson Road, Hudson, ME",,08:00 AM-08:00 PM,,ho62111512,false,false,,,,poll75722222
"8 Kennabasis Road, Indian Township, ME",,08:00 AM-08:00 PM,,ho43851424,false,false,,,,poll89555626
"1033 Industry Road, Industry, ME",,08:00 AM-08:00 PM,,ho26634394,false,false,,,,poll79976305
"68 Houlton Road, Island Falls, ME",,08:00 AM-08:00 PM,,ho39282322,false,false,,,,poll89887111
"1 Main Street, Isle Au Haut, ME",,09:00 AM-08:00 PM,,ho30534756,false,false,,,,poll28926918
"150 Main Road, Islesboro, ME",,08:00 AM-08:00 PM,,ho19108806,false,false,,,,poll64624298
"369 Main Street, Jackman, ME",,08:00 AM-08:00 PM,,ho2843430,false,false,,,,poll20864303
"730 Moosehead Trail, Jackson, ME",,08:00 AM-08:00 PM,,ho72439186,false,false,,,,poll3586414
"13 Community Drive, Jay, ME",,08:00 AM-08:00 PM,,ho50693386,false,false,,,,poll16118480
"204 Waldoboro Road, Jefferson, ME",,08:00 AM-08:00 PM,,ho53465591,false,false,,,,poll8693423
"23 Station Road, Jonesboro, ME",,08:00 AM-08:00 PM,,ho74954548,false,false,,,,poll53942387
"70 Snare Creek Lane, Jonesport, ME",,08:00 AM-08:00 PM,,ho51254108,false,false,,,,poll49792053
"4010 Broadway, Kenduskeag, ME",,08:00 AM-08:00 PM,,ho98109138,false,false,,,,poll62385769
"1 Summer Street, Kennebunk, ME",,06:00 AM-08:00 PM,,ho84740029,false,false,,,,poll20969701
"32 North Street, Kennebunkport, ME",,08:00 AM-08:00 PM,,ho95614520,false,false,,,,poll45740666
"38 School Street, Kingfield, ME",,08:00 AM-08:00 PM,,ho59714114,false,false,,,,poll45858707
"120 Rogers Road, Kittery, ME",,07:00 AM-08:00 PM,,ho61550961,false,false,,,,poll80099681
"10 Abbott Road, Knox, ME",,08:00 AM-08:00 PM,,ho88857758,false,false,,,,poll95106812
"5791 Bennoch Road, Lagrange, ME",,08:00 AM-08:00 PM,,ho59416642,false,false,,,,poll93578254
"27 Church Street, Lake View Plt, ME",,10:00 AM-08:00 PM,,ho97061397,false,false,,,,poll93174219
"828 Bottle Lake Road, Lakeville, ME",,09:00 AM-08:00 PM,,ho53405162,false,false,,,,poll56075476
"606 Douglas Highway, Lamoine, ME",,08:00 AM-08:00 PM,,ho22192158,false,false,,,,poll87863183
"65 Upper Guinea Road, Lebanon, ME",,06:00 AM-08:00 PM,,ho68007032,false,false,,,,poll33365570
"29 Winn Road, Lee, ME",,08:00 AM-08:00 PM,,ho86811864,false,false,,,,poll90955802
"8 Community Drive, Leeds, ME",,06:00 AM-08:00 PM,,ho48410490,false,false,,,,poll66617404
"691 Townhouse Road, Levant, ME",,08:00 AM-08:00 PM,,ho67941060,false,false,,,,poll77667060
"65 Central Avenue, Lewiston, ME",,07:00 AM-08:00 PM,,ho32458301,false,false,,,,poll69120315
"407 East Avenue, Lewiston, ME",,07:00 AM-08:00 PM,,ho67196530,false,false,,,,poll40747521
"145 Birch Street, Lewiston, ME",,07:00 AM-08:00 PM,,ho6216591,false,false,,,,poll72549921
"156 East Avenue, Lewiston, ME",,07:00 AM-08:00 PM,,ho10769876,false,false,,,,poll14974568
"7 Water Street, Liberty, ME",,08:00 AM-08:00 PM,,ho23963441,false,false,,,,poll36217580
"55 Washington Street, Limerick, ME",,08:00 AM-08:00 PM,,ho27629916,false,false,,,,poll2275116
"93 Main Street, Limestone, ME",,08:00 AM-08:00 PM,,ho86940550,false,false,,,,poll91613431
"425 Sokokis Avenue, Limington, ME",,06:00 AM-08:00 PM,,ho75738182,false,false,,,,poll45262868
"33 Reed Drive, Lincoln, ME",,08:00 AM-08:00 PM,,ho56842292,false,false,,,,poll5598301
"260 Wilsons Mills Road, Lincoln Plt, ME",,10:00 AM-08:00 PM,,ho48082521,false,false,,,,poll39680627
"523 Hope Road, Lincolnville, ME",,08:00 AM-08:00 PM,,ho10809399,false,false,,,,poll27744389
"1185 Hodgdon Mills Road, Linneus, ME",,08:00 AM-08:00 PM,,ho51104012,false,false,,,,poll25723133
"2 Sugg Drive, Lisbon, ME",,07:00 AM-08:00 PM,,ho97581481,false,false,,,,poll4412755
"2253 Hallowell Road, Litchfield, ME",,08:00 AM-08:00 PM,,ho99518906,false,false,,,,poll66724870
"1536 US Highway 1, Littleton, ME",,08:00 AM-08:00 PM,,ho46498846,false,false,,,,poll14001169
"10 Crash Road, Livermore, ME",,08:00 AM-08:00 PM,,ho39623522,false,false,,,,poll1859934
"2 Main Street, Livermore Falls, ME",,08:00 AM-08:00 PM,,ho52524499,false,false,,,,poll61281109
"105 Wharf Street, Long Island, ME",,08:00 AM-08:00 PM,,ho84362193,false,false,,,,poll87112911
"1133 Main Street, Lovell, ME",,08:00 AM-08:00 PM,,ho47909713,false,false,,,,poll62130400
"129 West Old Main Road, Lowell, ME",,08:00 AM-08:00 PM,,ho90989021,false,false,,,,poll77374528
"40 School Street, Lubec, ME",,08:00 AM-08:00 PM,,ho41334414,false,false,,,,poll68056935
"831 Ludlow Road, Ludlow, ME",,10:00 AM-08:00 PM,,ho64483156,false,false,,,,poll14389143
"11 South Waterboro Road, Lyman, ME",,08:00 AM-08:00 PM,,ho6581241,false,false,,,,poll88802105
"7 Court Street, Suite 1, Machias, ME",,08:00 AM-08:00 PM,,ho15253796,false,false,,,,poll94165433
"8 Unity Square, Machiasport, ME",,08:00 AM-08:00 PM,,ho46569843,false,false,,,,poll26510180
"48 Kingman Road, Macwahoc Plt, ME",,10:00 AM-08:00 PM,,ho7484908,false,false,,,,poll2690638
"172 Fox Street, Madawaska, ME",,08:00 AM-08:00 PM,,ho82573251,false,false,,,,poll11934224
"62 School Street, Madawaska Lake Twp (W/ Stockholm), ME",,10:00 AM-08:00 PM,,ho75138984,false,false,,,,poll36334474
"26 Weston Avenue, Madison, ME",,08:00 AM-08:00 PM,,ho46556957,false,false,,,,poll79517464
"3682 Dam Road, Magalloway Plt, ME",,10:00 AM-08:00 PM,,ho80368699,false,false,,,,poll17921822
"37 Readfield Road, Manchester, ME",,08:00 AM-08:00 PM,,ho8714628,false,false,,,,poll14089346
"117 Pulcifur Road, Mapleton, ME",,08:00 AM-08:00 PM,,ho69497007,false,false,,,,poll68837081
"1686 Mariaville Road, Mariaville, ME",,08:00 AM-08:00 PM,,ho77054087,false,false,,,,poll1500681
"12 Market Street, Mars Hill, ME",,08:00 AM-08:00 PM,,ho65631220,false,false,,,,poll68500462
"187 Northfield Road, Marshfield, ME",,08:00 AM-08:00 PM,,ho92582067,false,false,,,,poll6632689
"26 School Street, Masardis, ME",,10:00 AM-08:00 PM,,ho42876422,false,false,,,,poll72579279
"17 South Road, Matinicus Isle Plt, ME",,10:00 AM-08:00 PM,,ho66273452,false,false,,,,poll38250511
"327 Main Street, Mattawamkeag, ME",,08:00 AM-08:00 PM,,ho79864072,false,false,,,,poll67568105
"231 River Road, Maxfield, ME",,10:00 AM-08:00 PM,,ho34612888,false,false,,,,poll78211769
"108 Lewiston Street, Mechanic Falls, ME",,08:00 AM-08:00 PM,,ho44899177,false,false,,,,poll95356591
"849 Main Street, Meddybemps, ME",,10:00 AM-08:00 PM,,ho68362150,false,false,,,,poll88108985
"13 Trestle Road, Medford, ME",,09:00 AM-08:00 PM,,ho15757690,false,false,,,,poll54821075
"23 Grindstone Road, Medway, ME",,08:00 AM-08:00 PM,,ho96168733,false,false,,,,poll86067279
"1015 Beech Hill Road, Mercer, ME",,08:00 AM-08:00 PM,,ho66419938,false,false,,,,poll79087851
"3391 Route 2, Merrill, ME",,10:00 AM-08:00 PM,,ho40707468,false,false,,,,poll31149888
"134 Main Street, Mexico, ME",,08:00 AM-08:00 PM,,ho65192962,false,false,,,,poll15386752
"18 School Street, Milbridge, ME",,08:00 AM-08:00 PM,,ho41704414,false,false,,,,poll15603189
"62 Davenport Street, Milford, ME",,08:00 AM-08:00 PM,,ho24409909,false,false,,,,poll73070648
"199 State Street, Millinocket, ME",,08:00 AM-08:00 PM,,ho78780950,false,false,,,,poll24046278
"6 Pleasant Street, Milo/Orneville, ME",,08:00 AM-08:00 PM,,ho11692057,false,false,,,,poll47752264
"329 Woodman Hill Road, Minot, ME",,08:00 AM-08:00 PM,,ho96308728,false,false,,,,poll62522448
"10 Monhegan Avenue, Monhegan Island Plt, ME",,10:00 AM-08:00 PM,,ho75675962,false,false,,,,poll47136330
"796 Main Street, Monmouth, ME",,08:00 AM-08:00 PM,,ho77790789,false,false,,,,poll65608828
"8 Swanlake Avenue, Monroe, ME",,08:00 AM-08:00 PM,,ho33195024,false,false,,,,poll21292049
"10 Tenney Hill Road, Monson, ME",,08:00 AM-08:00 PM,,ho68279708,false,false,,,,poll36461439
"405 US Highway 1, Monticello, ME",,08:00 AM-08:00 PM,,ho87024037,false,false,,,,poll81052866
"418 Center Road, Montville, ME",,08:00 AM-08:00 PM,,ho69632666,false,false,,,,poll7881622
"705 Main Street, Moose River, ME",,10:00 AM-08:00 PM,,ho49974710,false,false,,,,poll2107646
"626 Aroostook Scenic Highway, Moro Plt, ME",,10:00 AM-08:00 PM,,ho96306393,false,false,,,,poll11311770
"4 North Main Street, Morrill, ME",,08:00 AM-08:00 PM,,ho25747426,false,false,,,,poll5217824
"110 Canada Road, Moscow, ME",,08:00 AM-08:00 PM,,ho53815692,false,false,,,,poll81973956
"1094 Shin Pond Road, Mount Chase, ME",,10:00 AM-08:00 PM,,ho53259706,false,false,,,,poll41223174
"1157 Main Street, Mount Desert, ME",,08:00 AM-08:00 PM,,ho1768559,false,false,,,,poll45919296
"2 Main Street, Mount Vernon, ME",,08:00 AM-08:00 PM,,ho8465317,false,false,,,,poll18768103
"15 Village Green Lane, Naples, ME",,08:00 AM-08:00 PM,,ho51866363,false,false,,,,poll99996083
"1809 Caribou Road, New Canada (And Cross Lake Twp), ME",,10:00 AM-08:00 PM,,ho15215474,false,false,,,,poll89883433
"611 Lewiston Road, New Gloucester, ME",,06:00 AM-08:00 PM,,ho87689208,false,false,,,,poll73063716
"11 Old Station Road, New Limerick, ME",,08:00 AM-08:00 PM,,ho71809614,false,false,,,,poll75509042
"911 River Road, New Portland, ME",,08:00 AM-08:00 PM,,ho33359646,false,false,,,,poll54478983
"11 School Lane, New Sharon, ME",,08:00 AM-08:00 PM,,ho94727401,false,false,,,,poll41425129
"50 Station Road, New Sweden, ME",,09:00 AM-08:00 PM,,ho64931314,false,false,,,,poll23392012
"1680 New Vineyard Road, New Vineyard, ME",,08:00 AM-08:00 PM,,ho81424001,false,false,,,,poll22183056
"2220 Western Avenue, Newburgh, ME",,08:00 AM-08:00 PM,,ho37471652,false,false,,,,poll82021907
"86 River Road, Newcastle, ME",,08:00 AM-08:00 PM,,ho40271177,false,false,,,,poll88493875
"23 South Effingham Road, Newfield, ME",,08:00 AM-08:00 PM,,ho10193914,false,false,,,,poll75492575
"21 Water Street, Newport, ME",,08:00 AM-08:00 PM,,ho55126130,false,false,,,,poll31762974
"422 Bear River Road, Newry, ME",,08:00 AM-08:00 PM,,ho28400290,false,false,,,,poll70226266
"192 US Highway 1, Nobleboro, ME",,08:00 AM-08:00 PM,,ho58118295,false,false,,,,poll45369481
"26 Mercer Road, Norridgewock, ME",,08:00 AM-08:00 PM,,ho23222686,false,false,,,,poll44332475
"25 Varney Road, North Berwick, ME",,08:00 AM-08:00 PM,,ho31005297,false,false,,,,poll49187081
"16 Town Office Square, North Haven, ME",,10:00 AM-08:00 PM,,ho63398413,false,false,,,,poll40132097
"120 Memorial Highway, North Yarmouth, ME",,07:00 AM-08:00 PM,,ho70849740,false,false,,,,poll31215417
"1940 Northfield Road, Northfield, ME",,10:00 AM-08:00 PM,,ho14596910,false,false,,,,poll1193408
"16 Beech Hill Road, Northport, ME",,08:00 AM-08:00 PM,,ho62633250,false,false,,,,poll58411110
"19 Danforth Street, Norway, ME",,08:00 AM-08:00 PM,,ho66944131,false,false,,,,poll33442541
"80 School Street, Oakfield, ME",,08:00 AM-08:00 PM,,ho9004095,false,false,,,,poll99177152
"55 Pleasant Street, Oakland, ME",,07:00 AM-08:00 PM,,ho42253625,false,false,,,,poll42899335
"23 School Street, Ogunquit, ME",,08:00 AM-08:00 PM,,ho39099519,false,false,,,,poll82852954
"40 E Emerson Cummings Boulevard, Old Orchard Beach, ME",,08:00 AM-08:00 PM,,ho27372927,false,false,,,,poll70239432
"5 Gilman Falls Avenue, Old Town (And Argyle Twp), ME",,07:00 AM-08:00 PM,,ho84630833,false,false,,,,poll93376132
"82 School House Road, Orient, ME",,08:00 AM-08:00 PM,,ho54712110,false,false,,,,poll36299583
"21 School House Road, Orland, ME",,08:00 AM-08:00 PM,,ho184589,false,false,,,,poll85378557
"6 Pleasant Street, Orneville Twp (W/ Milo), ME",,08:00 AM-08:00 PM,,ho99890806,false,false,,,,poll47920160
"5747 Memorial Gym, Orono, ME",,07:00 AM-08:00 PM,,ho84257205,false,false,,,,poll24293946
"29 Center Drive, Orrington, ME",,07:00 AM-08:00 PM,,ho93910421,false,false,,,,poll72471233
"197 Moosehill Road, Osborn, ME",,10:00 AM-08:00 PM,,ho61381301,false,false,,,,poll6504466
"132 Otis Road, Otis, ME",,08:00 AM-08:00 PM,,ho16066677,false,false,,,,poll78089499
"403 State Route 121, Otisfield, ME",,08:00 AM-08:00 PM,,ho18751875,false,false,,,,poll95265248
"224 Ash Point Drive, Owls Head, ME",,08:00 AM-08:00 PM,,ho97703879,false,false,,,,poll88063096
"685 Oxbow Road, Oxbow Plt, ME",,10:00 AM-08:00 PM,,ho16765461,false,false,,,,poll9350559
"701 Main Street, Oxford, ME",,08:00 AM-08:00 PM,,ho7415489,false,false,,,,poll5217613
"45 North Palermo Road, Palermo, ME",,08:00 AM-08:00 PM,,ho42221313,false,false,,,,poll40240587
"4 Madawaska Road, Palmyra, ME",,08:00 AM-08:00 PM,,ho39820114,false,false,,,,poll56214042
"137 Western Avenue, Paris, ME",,08:00 AM-08:00 PM,,ho18214606,false,false,,,,poll80728115
"771 State Highway 150, Parkman, ME",,08:00 AM-08:00 PM,,ho41002638,false,false,,,,poll26307696
"634 North Road, Parsonsfield, ME",,07:00 AM-08:00 PM,,ho65137457,false,false,,,,poll8401108
"34 Pleasant Street, Passadumkeag, ME",,10:00 AM-08:00 PM,,ho43696686,false,false,,,,poll47794429
"27 Dearborn Street, Patten, ME",,08:00 AM-08:00 PM,,ho73534187,false,false,,,,poll66086932
"48 Old County Road, Pembroke, ME",,08:00 AM-08:00 PM,,ho97199105,false,false,,,,poll75113260
"66 North Penobscot Road, Penobscot, ME",,08:00 AM-08:00 PM,,ho85628440,false,false,,,,poll86030351
"12 Wabanaki Way, Penobscot Nation Voting District, ME",,09:00 AM-08:00 PM,,ho79879557,false,false,,,,poll22822613
"206 High Meadow Road, Perham, ME",,09:00 AM-08:00 PM,,ho27538103,false,false,,,,poll90932973
"898 US Route 1, Perry, ME",,08:00 AM-08:00 PM,,ho63372609,false,false,,,,poll82942934
"26 Main Street, Peru, ME",,08:00 AM-08:00 PM,,ho44824640,false,false,,,,poll76538829
"15 Russell Street, Phillips (And Madrid), ME",,08:00 AM-08:00 PM,,ho9967207,false,false,,,,poll32725667
"1042 Main Road, Phippsburg, ME",,08:00 AM-08:00 PM,,ho74955683,false,false,,,,poll6236664
"112 Somerset Avenue, Pittsfield, ME",,08:00 AM-08:00 PM,,ho18730742,false,false,,,,poll44101339
"38 Whitefield Road, Pittston, ME",,08:00 AM-08:00 PM,,ho29631103,false,false,,,,poll653271
"136 County Road, Pleasant Point Voting District, ME",,08:00 AM-08:00 PM,,ho64889850,false,false,,,,poll48139819
"343 Rowe Pond Road, Pleasant Ridge Plt, ME",,10:00 AM-08:00 PM,,ho59385730,false,false,,,,poll86506426
"1927 Moosehead Trail, Plymouth, ME",,08:00 AM-08:00 PM,,ho74728790,false,false,,,,poll76203425
"1223 Maine Street, Poland, ME",,08:00 AM-08:00 PM,,ho53810182,false,false,,,,poll41700347
"20 School Street, Portage Lake (And Nashville Plt), ME",,10:00 AM-08:00 PM,,ho28618701,false,false,,,,poll95773836
"71 Main Street, Porter, ME",,08:00 AM-08:00 PM,,ho43168978,false,false,,,,poll47531806
"195 North Street, Portland, ME",,07:00 AM-08:00 PM,,ho99769654,false,false,,,,poll20888641
"20 Myrtle Street, Portland, ME",,07:00 AM-08:00 PM,,ho93204686,false,false,,,,poll88917577
"Peaks Island, Portland, ME",,07:00 AM-08:00 PM,,ho37013805,false,false,,,,poll55489931
"166 Brackett Street, Portland, ME",,07:00 AM-08:00 PM,,ho99010833,false,false,,,,poll7205485
"239 Park Avenue, Portland, ME",,07:00 AM-08:00 PM,,ho54664941,false,false,,,,poll18870367
"179 Woodford Street, Portland, ME",,07:00 AM-08:00 PM,,ho6630781,false,false,,,,poll47562956
"40 Westland Avenue, Portland, ME",,07:00 AM-08:00 PM,,ho8750435,false,false,,,,poll89056312
"492 Ocean Avenue, Portland, ME",,07:00 AM-08:00 PM,,ho94025420,false,false,,,,poll76437497
"360 Canco Road, Portland, ME",,07:00 AM-08:00 PM,,ho56155839,false,false,,,,poll20258422
"370 Stevens Avenue, Portland, ME",,07:00 AM-08:00 PM,,ho38805635,false,false,,,,poll27874723
"476 Summit Street, Portland, ME",,07:00 AM-08:00 PM,,ho2285755,false,false,,,,poll80473372
"507 Elmwood Road, Pownal, ME",,07:00 AM-08:00 PM,,ho45470476,false,false,,,,poll60956908
"270 Main Street, Presque Isle, ME",,08:00 AM-08:00 PM,,ho1490936,false,false,,,,poll3873118
"15 Depot Street, Princeton (And Big Lake Twp), ME",,08:00 AM-08:00 PM,,ho8394533,false,false,,,,poll94185045
"958 Bangor Road, Prospect, ME",,08:00 AM-08:00 PM,,ho41312478,false,false,,,,poll74514170
"121 Kinderhook Street, Randolph, ME",,08:00 AM-08:00 PM,,ho91019298,false,false,,,,poll74975602
"15 School Street, Rangeley, ME",,08:00 AM-08:00 PM,,ho57568265,false,false,,,,poll89916720
"293 South Shore Drive, Rangeley Plt, ME",,10:00 AM-08:00 PM,,ho55463084,false,false,,,,poll45486776
"423 Webbs Mills Road, Raymond, ME",,07:00 AM-08:00 PM,,ho23835333,false,false,,,,poll1415944
"8 Old Kents Hill Road, Readfield, ME",,08:00 AM-08:00 PM,,ho83583562,false,false,,,,poll36963005
"8 Springer Road, Reed Plt, ME",,10:00 AM-08:00 PM,,ho52543853,false,false,,,,poll76649614
"132 Main Street, Richmond, ME",,08:00 AM-08:00 PM,,ho55931599,false,false,,,,poll49166055
"47 West Ripley Road, Ripley, ME",,10:00 AM-08:00 PM,,ho51838207,false,false,,,,poll80904694
"886 US Route 1, Robbinston, ME",,08:00 AM-08:00 PM,,ho18405832,false,false,,,,poll95451066
"61 Limerock Street, Rockland, ME",,08:00 AM-08:00 PM,,ho45799136,false,false,,,,poll23983406
"101 Main Street, Rockport, ME",,08:00 AM-08:00 PM,,ho67096482,false,false,,,,poll17442471
"3638 Rockwood Road (to Education Lane), Rockwood Strip Twp, ME",,08:00 AM-08:00 PM,,ho76578174,false,false,,,,poll9234283
"8 Mercer Road, Rome, ME",,08:00 AM-08:00 PM,,ho46113613,false,false,,,,poll82027985
"3 Roque Bluffs Road, Roque Bluffs, ME",,10:00 AM-08:00 PM,,ho93762568,false,false,,,,poll96176494
"1095 Roxbury Road, Roxbury, ME",,09:00 AM-08:00 PM,,ho23437297,false,false,,,,poll52573860
"184 Congress Street, Rumford, ME",,08:00 AM-08:00 PM,,ho54564538,false,false,,,,poll21527
"190 Middle Road, Sabattus, ME",,07:00 AM-08:00 PM,,ho97204487,false,false,,,,poll92355182
"75 Franklin Street, Saco, ME",,07:00 AM-08:00 PM,,ho32065301,false,false,,,,poll93725321
"419 Main Street, Saint Agatha & Sinclair, ME",,08:00 AM-08:00 PM,,ho8655843,false,false,,,,poll58871603
"7 Water Street, Saint Albans, ME",,07:00 AM-08:00 PM,,ho44894831,false,false,,,,poll55755717
"873 Main Street, Saint Francis, ME",,10:00 AM-08:00 PM,,ho15463350,false,false,,,,poll22414129
"3 School Street, Saint George, ME",,08:00 AM-08:00 PM,,ho31245111,false,false,,,,poll49601677
"1774 St. John Road, Saint John Plt, ME",,10:00 AM-08:00 PM,,ho46333592,false,false,,,,poll96300379
"33 Townhall Road, Sandy River Plt, ME",,10:00 AM-08:00 PM,,ho26044968,false,false,,,,poll86827049
"457 Main Street, Sanford, ME",,08:00 AM-08:00 PM,,ho97171870,false,false,,,,poll99997283
"25 Riverside Avenue, Sanford, ME",,08:00 AM-08:00 PM,,ho76343405,false,false,,,,poll96340217
"38 Westview Drive, Sanford, ME",,08:00 AM-08:00 PM,,ho29011566,false,false,,,,poll1625435
"1 Town Hall Avenue, Sangerville, ME",,08:00 AM-08:00 PM,,ho72610613,false,false,,,,poll4883197
"11 Municipal Drive, Scarborough, ME",,07:00 AM-08:00 PM,,ho26404444,false,false,,,,poll12776049
"37 Main Street South, Searsmont, ME",,08:00 AM-08:00 PM,,ho6720906,false,false,,,,poll94232372
"3 Union Street, Searsport, ME",,08:00 AM-08:00 PM,,ho21193936,false,false,,,,poll7086780
"406 Bridgton Road, Sebago, ME",,07:00 AM-08:00 PM,,ho70880863,false,false,,,,poll95008133
"29 North Road, Sebec, ME",,08:00 AM-08:00 PM,,ho70302704,false,false,,,,poll13774522
"1144 Seboeis Road, Seboeis Plt, ME",,10:00 AM-08:00 PM,,ho75576921,false,false,,,,poll79976177
"574 North Sedgwick Road, Sedgwick, ME",,08:00 AM-08:00 PM,,ho68447936,false,false,,,,poll72668898
"22 Back Road, Shapleigh, ME",,07:30 AM-08:00 PM,,ho48731158,false,false,,,,poll68385509
"36 School Street, Sherman (And Benedicta And Silver Ridge), ME",,08:00 AM-08:00 PM,,ho37280974,false,false,,,,poll59435468
"25 West Road, Shirley, ME",,10:00 AM-08:00 PM,,ho17521944,false,false,,,,poll63547240
"2986 Middle Road, Sidney, ME",,08:00 AM-08:00 PM,,ho52928824,false,false,,,,poll81869920
"419 Main Street, Sinclair (W/ St. Agatha), ME",,08:00 AM-08:00 PM,,ho75136422,false,false,,,,poll9329385
"225 Water Street, Skowhegan, ME",,07:00 AM-08:00 PM,,ho81818836,false,false,,,,poll90923111
"926 Village Road, Smithfield, ME",,07:45 AM-08:00 PM,,ho57237759,false,false,,,,poll53464782
"3391 Route 2, Smyrna, ME",,10:00 AM-08:00 PM,,ho66186846,false,false,,,,poll95198608
"121 South Main Street, Solon, ME",,08:00 AM-08:00 PM,,ho31968455,false,false,,,,poll99845693
"72 Sand Hill Road, Somerville, ME",,08:00 AM-08:00 PM,,ho50127760,false,false,,,,poll43216220
"81 Pomola Avenue, Sorrento, ME",,10:00 AM-08:00 PM,,ho20917385,false,false,,,,poll37093824
"180 Main Street, South Berwick, ME",,06:00 AM-08:00 PM,,ho34754609,false,false,,,,poll43224439
"2024 State Route 129, South Bristol, ME",,08:00 AM-08:00 PM,,ho1697388,false,false,,,,poll16591199
"169 Broadway, South Portland, ME",,07:00 AM-08:00 PM,,ho7715474,false,false,,,,poll26122287
"413 Broadway, South Portland, ME",,07:00 AM-08:00 PM,,ho2456212,false,false,,,,poll88979083
"21 Nelson Road, South Portland, ME",,07:00 AM-08:00 PM,,ho39021945,false,false,,,,poll42719448
"Macarthur Circle West, South Portland, ME",,07:00 AM-08:00 PM,,ho35234578,false,false,,,,poll32150233
"125 Spruce Head Road, South Thomaston, ME",,08:00 AM-08:00 PM,,ho56988764,false,false,,,,poll53408903
"361 Hendricks Hill Road, Southport, ME",,08:00 AM-08:00 PM,,ho73103833,false,false,,,,poll50019138
"250 Main Street, Southwest Harbor, ME",,08:00 AM-08:00 PM,,ho51739282,false,false,,,,poll888774
"13 Park Street, Springfield, ME",,10:00 AM-08:00 PM,,ho66938189,false,false,,,,poll23783432
"414 Station Road, Stacyville, ME",,08:00 AM-08:00 PM,,ho84228652,false,false,,,,poll5919985
"175 Northeast Road, Standish, ME",,06:00 AM-08:00 PM,,ho57755070,false,false,,,,poll13875155
"57 Anson Road, Starks, ME",,08:00 AM-08:00 PM,,ho48606887,false,false,,,,poll27335161
"7 Wolfboro Road, Stetson, ME",,08:00 AM-08:00 PM,,ho75918020,false,false,,,,poll19765590
"294 US Route 1, Steuben, ME",,08:00 AM-08:00 PM,,ho62646082,false,false,,,,poll9327477
"62 School Street, Stockholm /Madawaska Lake Twp, ME",,10:00 AM-08:00 PM,,ho25993795,false,false,,,,poll11894244
"217 Main Street, Stockton Springs, ME",,08:00 AM-08:00 PM,,ho95615667,false,false,,,,poll18546452
"22 Butters Hill Road, Stoneham, ME",,10:00 AM-08:00 PM,,ho40711037,false,false,,,,poll49592516
"32 Main Street, Stonington, ME",,08:00 AM-08:00 PM,,ho33857314,false,false,,,,poll47348084
"710 Stow Road, Stow, ME",,10:00 AM-08:00 PM,,ho30155788,false,false,,,,poll82118336
"14 South Main Street, Strong, ME",,08:00 AM-08:00 PM,,ho4608693,false,false,,,,poll22187876
"1888 US Highway 1, Sullivan, ME",,08:00 AM-08:00 PM,,ho60738590,false,false,,,,poll54506302
"633 Main Street, Sumner, ME",,08:00 AM-08:00 PM,,ho2947011,false,false,,,,poll33699189
"741 North Bend Road, Surry, ME",,08:00 AM-08:00 PM,,ho74046724,false,false,,,,poll23191308
"125 Harbor Road, Swans Island, ME",,10:00 AM-08:00 PM,,ho77140293,false,false,,,,poll23889200
"6 Town House Road, Swanville, ME",,08:00 AM-08:00 PM,,ho99965189,false,false,,,,poll92838347
"147 Bridgton Road, Sweden, ME",,10:00 AM-08:00 PM,,ho8163904,false,false,,,,poll68300977
"Old Mill Road, Talmadge, ME",,10:00 AM-08:00 PM,,ho20909095,false,false,,,,poll35699322
"258 Temple Road, Temple, ME",,08:00 AM-08:00 PM,,ho72359623,false,false,,,,poll69362877
"2621 US Route 201, The Forks Plt, ME",,10:00 AM-08:00 PM,,ho26304902,false,false,,,,poll45755806
"10 Watts Lane, Thomaston, ME",,07:00 AM-08:00 PM,,ho12968231,false,false,,,,poll98899573
"125 Mount View Road, Thorndike, ME",,08:00 AM-08:00 PM,,ho47624144,false,false,,,,poll55929899
"48 North Road, Topsfield, ME",,10:00 AM-08:00 PM,,ho17703041,false,false,,,,poll27874527
"54 Elm Street, Topsham, ME",,07:00 AM-08:00 PM,,ho95059201,false,false,,,,poll60205278
"20 Harbor Drive, Tremont, ME",,08:00 AM-08:00 PM,,ho90676270,false,false,,,,poll73475324
"59 Oak Point Road, Trenton, ME",,08:00 AM-08:00 PM,,ho45020001,false,false,,,,poll45363965
"129 Rogers Road, Troy, ME",,08:00 AM-08:00 PM,,ho56736548,false,false,,,,poll87307118
"11 Turner Center Road, Turner, ME",,07:00 AM-08:00 PM,,ho38821056,false,false,,,,poll88013233
"567 Common Road, Union, ME",,08:00 AM-08:00 PM,,ho8669344,false,false,,,,poll7246949
"32 School Street, Unity, ME",,08:00 AM-08:00 PM,,ho84495194,false,false,,,,poll1278495
"23 Mill Road, Upton, ME",,08:00 AM-08:00 PM,,ho47933859,false,false,,,,poll11696776
"130 Champlain Street, Van Buren, ME",,08:00 AM-08:00 PM,,ho77541630,false,false,,,,poll22369477
"Shaw Street, Vanceboro, ME",,10:00 AM-08:00 PM,,ho42719395,false,false,,,,poll91166698
"682 Main Street, Vassalboro, ME",,08:00 AM-08:00 PM,,ho52643831,false,false,,,,poll28919203
"1084 Main Street, Veazie, ME",,08:00 AM-08:00 PM,,ho98923704,false,false,,,,poll44872846
"16 School Street, Verona Island, ME",,08:00 AM-08:00 PM,,ho86221765,false,false,,,,poll93020393
"34 Kimball Pond Road, Vienna, ME",,08:00 AM-08:00 PM,,ho35130045,false,false,,,,poll52838849
"19 Washington School Road, Vinalhaven, ME",,08:00 AM-08:00 PM,,ho86119979,false,false,,,,poll90186611
"6 Victoria Street, Wade, ME",,09:00 AM-08:00 PM,,ho80521022,false,false,,,,poll1679429
"10 Old Mill Road, Waite, ME",,10:00 AM-08:00 PM,,ho61056719,false,false,,,,poll1572224
"629 Waldo Station Road, Waldo, ME",,08:00 AM-08:00 PM,,ho85949946,false,false,,,,poll50651572
"1600 Atlantic Highway, Waldoboro, ME",,08:00 AM-08:00 PM,,ho46222243,false,false,,,,poll36044113
"175 Centre Road, Wales, ME",,08:00 AM-08:00 PM,,ho26027523,false,false,,,,poll8315208
"45 Church Street, Wallagrass, ME",,08:00 AM-08:00 PM,,ho98189721,false,false,,,,poll49561113
"1520 Waltham Road, Waltham, ME",,10:00 AM-08:00 PM,,ho46129548,false,false,,,,poll99057521
"105 Camden Road, Warren, ME",,08:00 AM-08:00 PM,,ho32707452,false,false,,,,poll30416892
"1287 Main Street, Washburn, ME",,08:00 AM-08:00 PM,,ho75618682,false,false,,,,poll17452825
"40 Old Union Road, Washington, ME",,08:00 AM-08:00 PM,,ho92399493,false,false,,,,poll26394693
"84 West Road, Waterboro, ME",,07:00 AM-08:00 PM,,ho50913392,false,false,,,,poll71045341
"366 Valley Road, Waterford, ME",,08:00 AM-08:00 PM,,ho54566307,false,false,,,,poll4183098
"21 College Avenue, Waterville, ME",,08:00 AM-08:00 PM,,ho73398193,false,false,,,,poll54279140
"26 Gott Road, Wayne, ME",,08:00 AM-08:00 PM,,ho86449796,false,false,,,,poll66661335
"583 Tucker Ridge Road, Webster Plt, ME",,09:00 AM-08:00 PM,,ho32803531,false,false,,,,poll19651241
"23 Mill Street, Weld, ME",,10:00 AM-08:00 PM,,ho37005659,false,false,,,,poll85321961
"13 Harmony Road, Wellington, ME",,10:00 AM-08:00 PM,,ho87135163,false,false,,,,poll94142743
"1470 Post Road, Wells, ME",,07:00 AM-08:00 PM,,ho55593172,false,false,,,,poll80078279
"13 Whining Pines Drive, Wesley, ME",,10:00 AM-08:00 PM,,ho32082743,false,false,,,,poll11149405
"192 State Road, West Bath, ME",,08:00 AM-08:00 PM,,ho55320050,false,false,,,,poll13237583
"2955 US Route 201, West Forks Plt, ME",,10:00 AM-08:00 PM,,ho99679788,false,false,,,,poll21613223
"322 Spears Corner Road, West Gardiner, ME",,08:00 AM-08:00 PM,,ho57392276,false,false,,,,poll44061285
"25 Kingsbury Street, West Paris, ME",,08:00 AM-08:00 PM,,ho44808672,false,false,,,,poll18901112
"426 Bridge Street, Westbrook, ME",,07:00 AM-08:00 PM,,ho45206173,false,false,,,,poll48950695
"120 Stroudwater Street, Westbrook, ME",,07:00 AM-08:00 PM,,ho48593247,false,false,,,,poll51363730
"235 Pride Street, Westbrook, ME",,07:00 AM-08:00 PM,,ho1592040,false,false,,,,poll87192256
"6 Main Street, Westfield, ME",,08:00 AM-08:00 PM,,ho89492128,false,false,,,,poll41330037
"Westmanland Road, Westmanland, ME",,10:00 AM-08:00 PM,,ho16622252,false,false,,,,poll24025626
"5 Church Lane, Weston, ME",,08:00 AM-08:00 PM,,ho70690545,false,false,,,,poll23524024
"1217 Main Road, Westport Island, ME",,08:00 AM-08:00 PM,,ho87898709,false,false,,,,poll11844815
"26 Townhouse Road, Whitefield, ME",,08:00 AM-08:00 PM,,ho7621379,false,false,,,,poll97086935
"169 US Route 1, Whiting, ME",,10:00 AM-08:00 PM,,ho7097466,false,false,,,,poll72961167
"42 South Main Street, Whitneyville, ME",,10:00 AM-08:00 PM,,ho66242431,false,false,,,,poll46538508
"2360 Elliottsville Road, Willimantic, ME",,10:00 AM-08:00 PM,,ho61536124,false,false,,,,poll61592151
"158 Weld Road, Wilton, ME",,08:00 AM-08:00 PM,,ho98274069,false,false,,,,poll82467738
"406 Gray Road, Windham, ME",,07:00 AM-08:00 PM,,ho37071527,false,false,,,,poll87309144
"523 Ridge Road, Windsor, ME",,08:00 AM-08:00 PM,,ho85746697,false,false,,,,poll64932020
"24 Main Street, Winn, ME",,10:00 AM-08:00 PM,,ho13284368,false,false,,,,poll11178195
"175 Veteran Drive, Winslow, ME",,08:00 AM-08:00 PM,,ho41427564,false,false,,,,poll92441898
"20 School Street, Winter Harbor, ME",,08:00 AM-08:00 PM,,ho38531941,false,false,,,,poll69814883
"19 Williams Way, Winterport, ME",,08:00 AM-08:00 PM,,ho111713,false,false,,,,poll72671905
"391 Quimby Road, Winterville Plt, ME",,10:00 AM-08:00 PM,,ho79988635,false,false,,,,poll87580350
"17 Highland Avenue, Winthrop, ME",,08:00 AM-08:00 PM,,ho1769407,false,false,,,,poll84270302
"242 Gardiner Road, Wiscasset, ME",,08:00 AM-08:00 PM,,ho34392395,false,false,,,,poll70910516
"843 Woodland Center Road, Woodland, ME",,08:00 AM-08:00 PM,,ho35645548,false,false,,,,poll41400490
"26 Monk Avenue, Woodstock & Milton Twp, ME",,08:00 AM-08:00 PM,,ho3030618,false,false,,,,poll54004744
"Woodville Road, Woodville, ME",,09:00 AM-08:00 PM,,ho41570274,false,false,,,,poll49196546
"137 Nequasset Road, Woolwich, ME",,08:00 AM-08:00 PM,,ho33710370,false,false,,,,poll41973113
"148 North Road, Yarmouth, ME",,07:00 AM-08:00 PM,,ho49311192,false,false,,,,poll6492649
"1 Robert Stevens Drive, York, ME",,07:00 AM-08:00 PM,,ho63498883,false,false,,,,poll3040140
